message_type	message	enc_class	enc_member	offset	path	target_kind	target_class	target_method	target_param	target_index	target_path
METHOD_NO_INIT	initializer method does not guarantee @NonNull fields payload (line 19), id (line 20), receipt (line 21) are initialized along all control-flow paths (remember to check for exceptions or early returns).	com.netflix.conductor.core.events.queue.Message	Message()	807	/home/nima/Developer/nullness-benchmarks/conductor/core/src/main/java/com/netflix/conductor/core/events/queue/Message.java	null	null	null	null	null	null
FIELD_NO_INIT	@NonNull field taskType not initialized	com.netflix.conductor.model.TaskModel	taskType	2151	/home/nima/Developer/nullness-benchmarks/conductor/core/src/main/java/com/netflix/conductor/model/TaskModel.java	FIELD	com.netflix.conductor.model.TaskModel	null	taskType	null	/home/nima/Developer/nullness-benchmarks/conductor/core/src/main/java/com/netflix/conductor/model/TaskModel.java
FIELD_NO_INIT	@NonNull field status not initialized	com.netflix.conductor.model.TaskModel	status	2181	/home/nima/Developer/nullness-benchmarks/conductor/core/src/main/java/com/netflix/conductor/model/TaskModel.java	FIELD	com.netflix.conductor.model.TaskModel	null	status	null	/home/nima/Developer/nullness-benchmarks/conductor/core/src/main/java/com/netflix/conductor/model/TaskModel.java
FIELD_NO_INIT	@NonNull field referenceTaskName not initialized	com.netflix.conductor.model.TaskModel	referenceTaskName	2209	/home/nima/Developer/nullness-benchmarks/conductor/core/src/main/java/com/netflix/conductor/model/TaskModel.java	FIELD	com.netflix.conductor.model.TaskModel	null	referenceTaskName	null	/home/nima/Developer/nullness-benchmarks/conductor/core/src/main/java/com/netflix/conductor/model/TaskModel.java
FIELD_NO_INIT	@NonNull field correlationId not initialized	com.netflix.conductor.model.TaskModel	correlationId	2299	/home/nima/Developer/nullness-benchmarks/conductor/core/src/main/java/com/netflix/conductor/model/TaskModel.java	FIELD	com.netflix.conductor.model.TaskModel	null	correlationId	null	/home/nima/Developer/nullness-benchmarks/conductor/core/src/main/java/com/netflix/conductor/model/TaskModel.java
FIELD_NO_INIT	@NonNull field taskDefName not initialized	com.netflix.conductor.model.TaskModel	taskDefName	2362	/home/nima/Developer/nullness-benchmarks/conductor/core/src/main/java/com/netflix/conductor/model/TaskModel.java	FIELD	com.netflix.conductor.model.TaskModel	null	taskDefName	null	/home/nima/Developer/nullness-benchmarks/conductor/core/src/main/java/com/netflix/conductor/model/TaskModel.java
FIELD_NO_INIT	@NonNull field retriedTaskId not initialized	com.netflix.conductor.model.TaskModel	retriedTaskId	2740	/home/nima/Developer/nullness-benchmarks/conductor/core/src/main/java/com/netflix/conductor/model/TaskModel.java	FIELD	com.netflix.conductor.model.TaskModel	null	retriedTaskId	null	/home/nima/Developer/nullness-benchmarks/conductor/core/src/main/java/com/netflix/conductor/model/TaskModel.java
FIELD_NO_INIT	@NonNull field workflowInstanceId not initialized	com.netflix.conductor.model.TaskModel	workflowInstanceId	2926	/home/nima/Developer/nullness-benchmarks/conductor/core/src/main/java/com/netflix/conductor/model/TaskModel.java	FIELD	com.netflix.conductor.model.TaskModel	null	workflowInstanceId	null	/home/nima/Developer/nullness-benchmarks/conductor/core/src/main/java/com/netflix/conductor/model/TaskModel.java
FIELD_NO_INIT	@NonNull field workflowType not initialized	com.netflix.conductor.model.TaskModel	workflowType	2966	/home/nima/Developer/nullness-benchmarks/conductor/core/src/main/java/com/netflix/conductor/model/TaskModel.java	FIELD	com.netflix.conductor.model.TaskModel	null	workflowType	null	/home/nima/Developer/nullness-benchmarks/conductor/core/src/main/java/com/netflix/conductor/model/TaskModel.java
FIELD_NO_INIT	@NonNull field taskId not initialized	com.netflix.conductor.model.TaskModel	taskId	3000	/home/nima/Developer/nullness-benchmarks/conductor/core/src/main/java/com/netflix/conductor/model/TaskModel.java	FIELD	com.netflix.conductor.model.TaskModel	null	taskId	null	/home/nima/Developer/nullness-benchmarks/conductor/core/src/main/java/com/netflix/conductor/model/TaskModel.java
FIELD_NO_INIT	@NonNull field reasonForIncompletion not initialized	com.netflix.conductor.model.TaskModel	reasonForIncompletion	3028	/home/nima/Developer/nullness-benchmarks/conductor/core/src/main/java/com/netflix/conductor/model/TaskModel.java	FIELD	com.netflix.conductor.model.TaskModel	null	reasonForIncompletion	null	/home/nima/Developer/nullness-benchmarks/conductor/core/src/main/java/com/netflix/conductor/model/TaskModel.java
FIELD_NO_INIT	@NonNull field workerId not initialized	com.netflix.conductor.model.TaskModel	workerId	3111	/home/nima/Developer/nullness-benchmarks/conductor/core/src/main/java/com/netflix/conductor/model/TaskModel.java	FIELD	com.netflix.conductor.model.TaskModel	null	workerId	null	/home/nima/Developer/nullness-benchmarks/conductor/core/src/main/java/com/netflix/conductor/model/TaskModel.java
FIELD_NO_INIT	@NonNull field workflowTask not initialized	com.netflix.conductor.model.TaskModel	workflowTask	3141	/home/nima/Developer/nullness-benchmarks/conductor/core/src/main/java/com/netflix/conductor/model/TaskModel.java	FIELD	com.netflix.conductor.model.TaskModel	null	workflowTask	null	/home/nima/Developer/nullness-benchmarks/conductor/core/src/main/java/com/netflix/conductor/model/TaskModel.java
FIELD_NO_INIT	@NonNull field domain not initialized	com.netflix.conductor.model.TaskModel	domain	3181	/home/nima/Developer/nullness-benchmarks/conductor/core/src/main/java/com/netflix/conductor/model/TaskModel.java	FIELD	com.netflix.conductor.model.TaskModel	null	domain	null	/home/nima/Developer/nullness-benchmarks/conductor/core/src/main/java/com/netflix/conductor/model/TaskModel.java
FIELD_NO_INIT	@NonNull field inputMessage not initialized	com.netflix.conductor.model.TaskModel	inputMessage	3209	/home/nima/Developer/nullness-benchmarks/conductor/core/src/main/java/com/netflix/conductor/model/TaskModel.java	FIELD	com.netflix.conductor.model.TaskModel	null	inputMessage	null	/home/nima/Developer/nullness-benchmarks/conductor/core/src/main/java/com/netflix/conductor/model/TaskModel.java
FIELD_NO_INIT	@NonNull field outputMessage not initialized	com.netflix.conductor.model.TaskModel	outputMessage	3240	/home/nima/Developer/nullness-benchmarks/conductor/core/src/main/java/com/netflix/conductor/model/TaskModel.java	FIELD	com.netflix.conductor.model.TaskModel	null	outputMessage	null	/home/nima/Developer/nullness-benchmarks/conductor/core/src/main/java/com/netflix/conductor/model/TaskModel.java
FIELD_NO_INIT	@NonNull field externalInputPayloadStoragePath not initialized	com.netflix.conductor.model.TaskModel	externalInputPayloadStoragePath	3358	/home/nima/Developer/nullness-benchmarks/conductor/core/src/main/java/com/netflix/conductor/model/TaskModel.java	FIELD	com.netflix.conductor.model.TaskModel	null	externalInputPayloadStoragePath	null	/home/nima/Developer/nullness-benchmarks/conductor/core/src/main/java/com/netflix/conductor/model/TaskModel.java
FIELD_NO_INIT	@NonNull field externalOutputPayloadStoragePath not initialized	com.netflix.conductor.model.TaskModel	externalOutputPayloadStoragePath	3411	/home/nima/Developer/nullness-benchmarks/conductor/core/src/main/java/com/netflix/conductor/model/TaskModel.java	FIELD	com.netflix.conductor.model.TaskModel	null	externalOutputPayloadStoragePath	null	/home/nima/Developer/nullness-benchmarks/conductor/core/src/main/java/com/netflix/conductor/model/TaskModel.java
FIELD_NO_INIT	@NonNull field executionNameSpace not initialized	com.netflix.conductor.model.TaskModel	executionNameSpace	3500	/home/nima/Developer/nullness-benchmarks/conductor/core/src/main/java/com/netflix/conductor/model/TaskModel.java	FIELD	com.netflix.conductor.model.TaskModel	null	executionNameSpace	null	/home/nima/Developer/nullness-benchmarks/conductor/core/src/main/java/com/netflix/conductor/model/TaskModel.java
FIELD_NO_INIT	@NonNull field isolationGroupId not initialized	com.netflix.conductor.model.TaskModel	isolationGroupId	3540	/home/nima/Developer/nullness-benchmarks/conductor/core/src/main/java/com/netflix/conductor/model/TaskModel.java	FIELD	com.netflix.conductor.model.TaskModel	null	isolationGroupId	null	/home/nima/Developer/nullness-benchmarks/conductor/core/src/main/java/com/netflix/conductor/model/TaskModel.java
FIELD_NO_INIT	@NonNull field subWorkflowId not initialized	com.netflix.conductor.model.TaskModel	subWorkflowId	3606	/home/nima/Developer/nullness-benchmarks/conductor/core/src/main/java/com/netflix/conductor/model/TaskModel.java	FIELD	com.netflix.conductor.model.TaskModel	null	subWorkflowId	null	/home/nima/Developer/nullness-benchmarks/conductor/core/src/main/java/com/netflix/conductor/model/TaskModel.java
RETURN_NULLABLE	returning @Nullable expression from method with @NonNull return type	com.netflix.conductor.model.TaskModel	getSubWorkflowId()	13403	/home/nima/Developer/nullness-benchmarks/conductor/core/src/main/java/com/netflix/conductor/model/TaskModel.java	METHOD	com.netflix.conductor.model.TaskModel	getSubWorkflowId()	null	null	/home/nima/Developer/nullness-benchmarks/conductor/core/src/main/java/com/netflix/conductor/model/TaskModel.java
ASSIGN_FIELD_NULLABLE	assigning @Nullable expression to @NonNull field	com.netflix.conductor.model.TaskModel	clearOutput()	26130	/home/nima/Developer/nullness-benchmarks/conductor/core/src/main/java/com/netflix/conductor/model/TaskModel.java	FIELD	com.netflix.conductor.model.TaskModel	null	externalOutputPayloadStoragePath	null	/home/nima/Developer/nullness-benchmarks/conductor/core/src/main/java/com/netflix/conductor/model/TaskModel.java
RETURN_NULLABLE	returning @Nullable expression from method with @NonNull return type	com.netflix.conductor.core.events.queue.DefaultEventQueueProcessor	getValue(java.lang.String,com.fasterxml.jackson.databind.JsonNode)	9530	/home/nima/Developer/nullness-benchmarks/conductor/core/src/main/java/com/netflix/conductor/core/events/queue/DefaultEventQueueProcessor.java	METHOD	com.netflix.conductor.core.events.queue.DefaultEventQueueProcessor	getValue(java.lang.String,com.fasterxml.jackson.databind.JsonNode)	null	null	/home/nima/Developer/nullness-benchmarks/conductor/core/src/main/java/com/netflix/conductor/core/events/queue/DefaultEventQueueProcessor.java
PASS_NULLABLE	passing @Nullable parameter 'null' where @NonNull is required	com.netflix.conductor.core.events.queue.DefaultEventQueueProcessor	update(java.util.Map,java.util.Map,com.netflix.conductor.model.TaskModel.Status)	11097	/home/nima/Developer/nullness-benchmarks/conductor/core/src/main/java/com/netflix/conductor/core/events/queue/DefaultEventQueueProcessor.java	PARAMETER	com.netflix.conductor.core.events.queue.Message	Message(java.lang.String,java.lang.String,java.lang.String)	receipt	2	/home/nima/Developer/nullness-benchmarks/conductor/core/src/main/java/com/netflix/conductor/core/events/queue/Message.java
PASS_NULLABLE	passing @Nullable parameter 'null' where @NonNull is required	com.netflix.conductor.core.execution.WorkflowExecutor	restart(java.lang.String,boolean)	10937	/home/nima/Developer/nullness-benchmarks/conductor/core/src/main/java/com/netflix/conductor/core/execution/WorkflowExecutor.java	PARAMETER	com.netflix.conductor.model.WorkflowModel	setReasonForIncompletion(java.lang.String)	reasonForIncompletion	0	/home/nima/Developer/nullness-benchmarks/conductor/core/src/main/java/com/netflix/conductor/model/WorkflowModel.java
PASS_NULLABLE	passing @Nullable parameter 'null' where @NonNull is required	com.netflix.conductor.core.execution.WorkflowExecutor	restart(java.lang.String,boolean)	10986	/home/nima/Developer/nullness-benchmarks/conductor/core/src/main/java/com/netflix/conductor/core/execution/WorkflowExecutor.java	PARAMETER	com.netflix.conductor.model.WorkflowModel	setFailedTaskId(java.lang.String)	failedTaskId	0	/home/nima/Developer/nullness-benchmarks/conductor/core/src/main/java/com/netflix/conductor/model/WorkflowModel.java
PASS_NULLABLE	passing @Nullable parameter 'null' where @NonNull is required	com.netflix.conductor.core.execution.WorkflowExecutor	restart(java.lang.String,boolean)	11256	/home/nima/Developer/nullness-benchmarks/conductor/core/src/main/java/com/netflix/conductor/core/execution/WorkflowExecutor.java	PARAMETER	com.netflix.conductor.model.WorkflowModel	setOutput(java.util.Map)	output	0	/home/nima/Developer/nullness-benchmarks/conductor/core/src/main/java/com/netflix/conductor/model/WorkflowModel.java
PASS_NULLABLE	passing @Nullable parameter 'null' where @NonNull is required	com.netflix.conductor.core.execution.WorkflowExecutor	restart(java.lang.String,boolean)	11290	/home/nima/Developer/nullness-benchmarks/conductor/core/src/main/java/com/netflix/conductor/core/execution/WorkflowExecutor.java	PARAMETER	com.netflix.conductor.model.WorkflowModel	setExternalOutputPayloadStoragePath(java.lang.String)	externalOutputPayloadStoragePath	0	/home/nima/Developer/nullness-benchmarks/conductor/core/src/main/java/com/netflix/conductor/model/WorkflowModel.java
PASS_NULLABLE	passing @Nullable parameter 'null' where @NonNull is required	com.netflix.conductor.core.execution.WorkflowExecutor	retry(com.netflix.conductor.model.WorkflowModel)	17737	/home/nima/Developer/nullness-benchmarks/conductor/core/src/main/java/com/netflix/conductor/core/execution/WorkflowExecutor.java	PARAMETER	com.netflix.conductor.model.WorkflowModel	setReasonForIncompletion(java.lang.String)	reasonForIncompletion	0	/home/nima/Developer/nullness-benchmarks/conductor/core/src/main/java/com/netflix/conductor/model/WorkflowModel.java
PASS_NULLABLE	passing @Nullable parameter 'null' where @NonNull is required	com.netflix.conductor.core.execution.WorkflowExecutor	taskToBeRescheduled(com.netflix.conductor.model.WorkflowModel,com.netflix.conductor.model.TaskModel)	20443	/home/nima/Developer/nullness-benchmarks/conductor/core/src/main/java/com/netflix/conductor/core/execution/WorkflowExecutor.java	PARAMETER	com.netflix.conductor.model.TaskModel	setSubWorkflowId(java.lang.String)	subWorkflowId	0	/home/nima/Developer/nullness-benchmarks/conductor/core/src/main/java/com/netflix/conductor/model/TaskModel.java
PASS_NULLABLE	passing @Nullable parameter 'null' where @NonNull is required	com.netflix.conductor.core.execution.WorkflowExecutor	taskToBeRescheduled(com.netflix.conductor.model.WorkflowModel,com.netflix.conductor.model.TaskModel)	20616	/home/nima/Developer/nullness-benchmarks/conductor/core/src/main/java/com/netflix/conductor/core/execution/WorkflowExecutor.java	PARAMETER	com.netflix.conductor.model.TaskModel	setWorkerId(java.lang.String)	workerId	0	/home/nima/Developer/nullness-benchmarks/conductor/core/src/main/java/com/netflix/conductor/model/TaskModel.java
PASS_NULLABLE	passing @Nullable parameter 'null' where @NonNull is required	com.netflix.conductor.core.execution.WorkflowExecutor	taskToBeRescheduled(com.netflix.conductor.model.WorkflowModel,com.netflix.conductor.model.TaskModel)	20659	/home/nima/Developer/nullness-benchmarks/conductor/core/src/main/java/com/netflix/conductor/core/execution/WorkflowExecutor.java	PARAMETER	com.netflix.conductor.model.TaskModel	setReasonForIncompletion(java.lang.String)	reasonForIncompletion	0	/home/nima/Developer/nullness-benchmarks/conductor/core/src/main/java/com/netflix/conductor/model/TaskModel.java
PASS_NULLABLE	passing @Nullable parameter 'null' where @NonNull is required	com.netflix.conductor.core.execution.WorkflowExecutor	completeWorkflow(com.netflix.conductor.model.WorkflowModel)	24113	/home/nima/Developer/nullness-benchmarks/conductor/core/src/main/java/com/netflix/conductor/core/execution/WorkflowExecutor.java	PARAMETER	com.netflix.conductor.core.execution.DeciderService	updateWorkflowOutput(com.netflix.conductor.model.WorkflowModel,com.netflix.conductor.model.TaskModel)	task	1	/home/nima/Developer/nullness-benchmarks/conductor/core/src/main/java/com/netflix/conductor/core/execution/DeciderService.java
PASS_NULLABLE	passing @Nullable parameter 'null' where @NonNull is required	com.netflix.conductor.core.execution.WorkflowExecutor	terminateWorkflow(java.lang.String,java.lang.String)	26515	/home/nima/Developer/nullness-benchmarks/conductor/core/src/main/java/com/netflix/conductor/core/execution/WorkflowExecutor.java	PARAMETER	com.netflix.conductor.core.execution.WorkflowExecutor	terminateWorkflow(com.netflix.conductor.model.WorkflowModel,java.lang.String,java.lang.String)	failureWorkflow	2	/home/nima/Developer/nullness-benchmarks/conductor/core/src/main/java/com/netflix/conductor/core/execution/WorkflowExecutor.java
PASS_NULLABLE	passing @Nullable parameter 'null' where @NonNull is required	com.netflix.conductor.core.execution.WorkflowExecutor	terminateWorkflow(com.netflix.conductor.model.WorkflowModel,java.lang.String,java.lang.String)	27188	/home/nima/Developer/nullness-benchmarks/conductor/core/src/main/java/com/netflix/conductor/core/execution/WorkflowExecutor.java	PARAMETER	com.netflix.conductor.core.execution.DeciderService	updateWorkflowOutput(com.netflix.conductor.model.WorkflowModel,com.netflix.conductor.model.TaskModel)	task	1	/home/nima/Developer/nullness-benchmarks/conductor/core/src/main/java/com/netflix/conductor/core/execution/DeciderService.java
RETURN_NULLABLE	returning @Nullable expression from method with @NonNull return type	com.netflix.conductor.core.execution.WorkflowExecutor	getTask(java.lang.String)	43448	/home/nima/Developer/nullness-benchmarks/conductor/core/src/main/java/com/netflix/conductor/core/execution/WorkflowExecutor.java	METHOD	com.netflix.conductor.core.execution.WorkflowExecutor	getTask(java.lang.String)	null	null	/home/nima/Developer/nullness-benchmarks/conductor/core/src/main/java/com/netflix/conductor/core/execution/WorkflowExecutor.java
RETURN_NULLABLE	returning @Nullable expression from method with @NonNull return type	com.netflix.conductor.core.execution.WorkflowExecutor	decide(java.lang.String)	44996	/home/nima/Developer/nullness-benchmarks/conductor/core/src/main/java/com/netflix/conductor/core/execution/WorkflowExecutor.java	METHOD	com.netflix.conductor.core.execution.WorkflowExecutor	decide(java.lang.String)	null	null	/home/nima/Developer/nullness-benchmarks/conductor/core/src/main/java/com/netflix/conductor/core/execution/WorkflowExecutor.java
RETURN_NULLABLE	returning @Nullable expression from method with @NonNull return type	com.netflix.conductor.core.execution.WorkflowExecutor	decide(java.lang.String)	45244	/home/nima/Developer/nullness-benchmarks/conductor/core/src/main/java/com/netflix/conductor/core/execution/WorkflowExecutor.java	METHOD	com.netflix.conductor.core.execution.WorkflowExecutor	decide(java.lang.String)	null	null	/home/nima/Developer/nullness-benchmarks/conductor/core/src/main/java/com/netflix/conductor/core/execution/WorkflowExecutor.java
RETURN_NULLABLE	returning @Nullable expression from method with @NonNull return type	com.netflix.conductor.core.execution.WorkflowExecutor	getActiveDomain(java.lang.String,java.lang.String[])	63142	/home/nima/Developer/nullness-benchmarks/conductor/core/src/main/java/com/netflix/conductor/core/execution/WorkflowExecutor.java	METHOD	com.netflix.conductor.core.execution.WorkflowExecutor	getActiveDomain(java.lang.String,java.lang.String[])	null	null	/home/nima/Developer/nullness-benchmarks/conductor/core/src/main/java/com/netflix/conductor/core/execution/WorkflowExecutor.java
RETURN_NULLABLE	returning @Nullable expression from method with @NonNull return type	com.netflix.conductor.core.execution.WorkflowExecutor	getActiveDomain(java.lang.String,java.lang.String[])	63174	/home/nima/Developer/nullness-benchmarks/conductor/core/src/main/java/com/netflix/conductor/core/execution/WorkflowExecutor.java	METHOD	com.netflix.conductor.core.execution.WorkflowExecutor	getActiveDomain(java.lang.String,java.lang.String[])	null	null	/home/nima/Developer/nullness-benchmarks/conductor/core/src/main/java/com/netflix/conductor/core/execution/WorkflowExecutor.java
PASS_NULLABLE	passing @Nullable parameter 'terminateWorkflowException.getMessage()' where @NonNull is required	com.netflix.conductor.core.execution.WorkflowExecutor	terminate(com.netflix.conductor.model.WorkflowModel,com.netflix.conductor.core.exception.TerminateWorkflowException)	69744	/home/nima/Developer/nullness-benchmarks/conductor/core/src/main/java/com/netflix/conductor/core/execution/WorkflowExecutor.java	PARAMETER	com.netflix.conductor.core.execution.WorkflowExecutor	terminateWorkflow(com.netflix.conductor.model.WorkflowModel,java.lang.String,java.lang.String)	reason	1	/home/nima/Developer/nullness-benchmarks/conductor/core/src/main/java/com/netflix/conductor/core/execution/WorkflowExecutor.java
PASS_NULLABLE	passing @Nullable parameter 'failureWorkflow' where @NonNull is required	com.netflix.conductor.core.execution.WorkflowExecutor	terminate(com.netflix.conductor.model.WorkflowModel,com.netflix.conductor.core.exception.TerminateWorkflowException)	69744	/home/nima/Developer/nullness-benchmarks/conductor/core/src/main/java/com/netflix/conductor/core/execution/WorkflowExecutor.java	PARAMETER	com.netflix.conductor.core.execution.WorkflowExecutor	terminateWorkflow(com.netflix.conductor.model.WorkflowModel,java.lang.String,java.lang.String)	failureWorkflow	2	/home/nima/Developer/nullness-benchmarks/conductor/core/src/main/java/com/netflix/conductor/core/execution/WorkflowExecutor.java
PASS_NULLABLE	passing @Nullable parameter 'null' where @NonNull is required	com.netflix.conductor.core.execution.WorkflowExecutor	rerunWF(java.lang.String,java.lang.String,java.util.Map,java.util.Map,java.lang.String)	71019	/home/nima/Developer/nullness-benchmarks/conductor/core/src/main/java/com/netflix/conductor/core/execution/WorkflowExecutor.java	PARAMETER	com.netflix.conductor.model.WorkflowModel	setReasonForIncompletion(java.lang.String)	reasonForIncompletion	0	/home/nima/Developer/nullness-benchmarks/conductor/core/src/main/java/com/netflix/conductor/model/WorkflowModel.java
PASS_NULLABLE	passing @Nullable parameter 'null' where @NonNull is required	com.netflix.conductor.core.execution.WorkflowExecutor	rerunWF(java.lang.String,java.lang.String,java.util.Map,java.util.Map,java.lang.String)	71072	/home/nima/Developer/nullness-benchmarks/conductor/core/src/main/java/com/netflix/conductor/core/execution/WorkflowExecutor.java	PARAMETER	com.netflix.conductor.model.WorkflowModel	setFailedTaskId(java.lang.String)	failedTaskId	0	/home/nima/Developer/nullness-benchmarks/conductor/core/src/main/java/com/netflix/conductor/model/WorkflowModel.java
PASS_NULLABLE	passing @Nullable parameter 'null' where @NonNull is required	com.netflix.conductor.core.execution.WorkflowExecutor	rerunWF(java.lang.String,java.lang.String,java.util.Map,java.util.Map,java.lang.String)	72426	/home/nima/Developer/nullness-benchmarks/conductor/core/src/main/java/com/netflix/conductor/core/execution/WorkflowExecutor.java	PARAMETER	com.netflix.conductor.core.execution.WorkflowExecutor	rerunWF(java.lang.String,java.lang.String,java.util.Map,java.util.Map,java.lang.String)	workflowInput	3	/home/nima/Developer/nullness-benchmarks/conductor/core/src/main/java/com/netflix/conductor/core/execution/WorkflowExecutor.java
PASS_NULLABLE	passing @Nullable parameter 'null' where @NonNull is required	com.netflix.conductor.core.execution.WorkflowExecutor	rerunWF(java.lang.String,java.lang.String,java.util.Map,java.util.Map,java.lang.String)	72426	/home/nima/Developer/nullness-benchmarks/conductor/core/src/main/java/com/netflix/conductor/core/execution/WorkflowExecutor.java	PARAMETER	com.netflix.conductor.core.execution.WorkflowExecutor	rerunWF(java.lang.String,java.lang.String,java.util.Map,java.util.Map,java.lang.String)	correlationId	4	/home/nima/Developer/nullness-benchmarks/conductor/core/src/main/java/com/netflix/conductor/core/execution/WorkflowExecutor.java
PASS_NULLABLE	passing @Nullable parameter 'null' where @NonNull is required	com.netflix.conductor.core.execution.WorkflowExecutor	rerunWF(java.lang.String,java.lang.String,java.util.Map,java.util.Map,java.lang.String)	72840	/home/nima/Developer/nullness-benchmarks/conductor/core/src/main/java/com/netflix/conductor/core/execution/WorkflowExecutor.java	PARAMETER	com.netflix.conductor.model.WorkflowModel	setReasonForIncompletion(java.lang.String)	reasonForIncompletion	0	/home/nima/Developer/nullness-benchmarks/conductor/core/src/main/java/com/netflix/conductor/model/WorkflowModel.java
PASS_NULLABLE	passing @Nullable parameter 'null' where @NonNull is required	com.netflix.conductor.core.execution.WorkflowExecutor	rerunWF(java.lang.String,java.lang.String,java.util.Map,java.util.Map,java.lang.String)	72893	/home/nima/Developer/nullness-benchmarks/conductor/core/src/main/java/com/netflix/conductor/core/execution/WorkflowExecutor.java	PARAMETER	com.netflix.conductor.model.WorkflowModel	setFailedTaskId(java.lang.String)	failedTaskId	0	/home/nima/Developer/nullness-benchmarks/conductor/core/src/main/java/com/netflix/conductor/model/WorkflowModel.java
PASS_NULLABLE	passing @Nullable parameter 'null' where @NonNull is required	com.netflix.conductor.core.execution.WorkflowExecutor	scheduleNextIteration(com.netflix.conductor.model.TaskModel,com.netflix.conductor.model.WorkflowModel)	76146	/home/nima/Developer/nullness-benchmarks/conductor/core/src/main/java/com/netflix/conductor/core/execution/WorkflowExecutor.java	PARAMETER	com.netflix.conductor.core.execution.DeciderService	getTasksToBeScheduled(com.netflix.conductor.model.WorkflowModel,com.netflix.conductor.common.metadata.workflow.WorkflowTask,int,java.lang.String)	retriedTaskId	3	/home/nima/Developer/nullness-benchmarks/conductor/core/src/main/java/com/netflix/conductor/core/execution/DeciderService.java
PASS_NULLABLE	passing @Nullable parameter 'taskDefinition.orElse(null)' where @NonNull is required	com.netflix.conductor.core.execution.DeciderService	decide(com.netflix.conductor.model.WorkflowModel,java.util.List)	9285	/home/nima/Developer/nullness-benchmarks/conductor/core/src/main/java/com/netflix/conductor/core/execution/DeciderService.java	PARAMETER	com.netflix.conductor.core.execution.DeciderService	retry(com.netflix.conductor.common.metadata.tasks.TaskDef,com.netflix.conductor.common.metadata.workflow.WorkflowTask,com.netflix.conductor.model.TaskModel,com.netflix.conductor.model.WorkflowModel)	taskDefinition	0	/home/nima/Developer/nullness-benchmarks/conductor/core/src/main/java/com/netflix/conductor/core/execution/DeciderService.java
PASS_NULLABLE	passing @Nullable parameter 'null' where @NonNull is required	com.netflix.conductor.core.execution.DeciderService	updateWorkflowOutput(com.netflix.conductor.model.WorkflowModel,com.netflix.conductor.model.TaskModel)	18099	/home/nima/Developer/nullness-benchmarks/conductor/core/src/main/java/com/netflix/conductor/core/execution/DeciderService.java	PARAMETER	com.netflix.conductor.core.utils.ParametersUtils	getTaskInput(java.util.Map,com.netflix.conductor.model.WorkflowModel,com.netflix.conductor.common.metadata.tasks.TaskDef,java.lang.String)	taskDefinition	2	/home/nima/Developer/nullness-benchmarks/conductor/core/src/main/java/com/netflix/conductor/core/utils/ParametersUtils.java
PASS_NULLABLE	passing @Nullable parameter 'null' where @NonNull is required	com.netflix.conductor.core.execution.DeciderService	updateWorkflowOutput(com.netflix.conductor.model.WorkflowModel,com.netflix.conductor.model.TaskModel)	18099	/home/nima/Developer/nullness-benchmarks/conductor/core/src/main/java/com/netflix/conductor/core/execution/DeciderService.java	PARAMETER	com.netflix.conductor.core.utils.ParametersUtils	getTaskInput(java.util.Map,com.netflix.conductor.model.WorkflowModel,com.netflix.conductor.common.metadata.tasks.TaskDef,java.lang.String)	taskId	3	/home/nima/Developer/nullness-benchmarks/conductor/core/src/main/java/com/netflix/conductor/core/utils/ParametersUtils.java
RETURN_NULLABLE	returning @Nullable expression from method with @NonNull return type	com.netflix.conductor.core.execution.DeciderService	getNextTasksToBeScheduled(com.netflix.conductor.model.WorkflowModel,com.netflix.conductor.model.TaskModel)	23270	/home/nima/Developer/nullness-benchmarks/conductor/core/src/main/java/com/netflix/conductor/core/execution/DeciderService.java	METHOD	com.netflix.conductor.core.execution.DeciderService	getNextTasksToBeScheduled(com.netflix.conductor.model.WorkflowModel,com.netflix.conductor.model.TaskModel)	null	null	/home/nima/Developer/nullness-benchmarks/conductor/core/src/main/java/com/netflix/conductor/core/execution/DeciderService.java
PASS_NULLABLE	passing @Nullable parameter 'null' where @NonNull is required	com.netflix.conductor.core.execution.DeciderService	retry(com.netflix.conductor.common.metadata.tasks.TaskDef,com.netflix.conductor.common.metadata.workflow.WorkflowTask,com.netflix.conductor.model.TaskModel,com.netflix.conductor.model.WorkflowModel)	26804	/home/nima/Developer/nullness-benchmarks/conductor/core/src/main/java/com/netflix/conductor/core/execution/DeciderService.java	PARAMETER	com.netflix.conductor.model.TaskModel	setReasonForIncompletion(java.lang.String)	reasonForIncompletion	0	/home/nima/Developer/nullness-benchmarks/conductor/core/src/main/java/com/netflix/conductor/model/TaskModel.java
PASS_NULLABLE	passing @Nullable parameter 'null' where @NonNull is required	com.netflix.conductor.core.execution.DeciderService	retry(com.netflix.conductor.common.metadata.tasks.TaskDef,com.netflix.conductor.common.metadata.workflow.WorkflowTask,com.netflix.conductor.model.TaskModel,com.netflix.conductor.model.WorkflowModel)	26856	/home/nima/Developer/nullness-benchmarks/conductor/core/src/main/java/com/netflix/conductor/core/execution/DeciderService.java	PARAMETER	com.netflix.conductor.model.TaskModel	setSubWorkflowId(java.lang.String)	subWorkflowId	0	/home/nima/Developer/nullness-benchmarks/conductor/core/src/main/java/com/netflix/conductor/model/TaskModel.java
PASS_NULLABLE	passing @Nullable parameter 'null' where @NonNull is required	com.netflix.conductor.core.execution.DeciderService	retry(com.netflix.conductor.common.metadata.tasks.TaskDef,com.netflix.conductor.common.metadata.workflow.WorkflowTask,com.netflix.conductor.model.TaskModel,com.netflix.conductor.model.WorkflowModel)	27044	/home/nima/Developer/nullness-benchmarks/conductor/core/src/main/java/com/netflix/conductor/core/execution/DeciderService.java	PARAMETER	com.netflix.conductor.model.TaskModel	setWorkerId(java.lang.String)	workerId	0	/home/nima/Developer/nullness-benchmarks/conductor/core/src/main/java/com/netflix/conductor/model/TaskModel.java
PASS_NULLABLE	passing @Nullable parameter 'null' where @NonNull is required	com.netflix.conductor.core.execution.DeciderService	getTasksToBeScheduled(com.netflix.conductor.model.WorkflowModel,com.netflix.conductor.common.metadata.workflow.WorkflowTask,int)	36075	/home/nima/Developer/nullness-benchmarks/conductor/core/src/main/java/com/netflix/conductor/core/execution/DeciderService.java	PARAMETER	com.netflix.conductor.core.execution.DeciderService	getTasksToBeScheduled(com.netflix.conductor.model.WorkflowModel,com.netflix.conductor.common.metadata.workflow.WorkflowTask,int,java.lang.String)	retriedTaskId	3	/home/nima/Developer/nullness-benchmarks/conductor/core/src/main/java/com/netflix/conductor/core/execution/DeciderService.java
PASS_NULLABLE	passing @Nullable parameter 'null' where @NonNull is required	com.netflix.conductor.core.execution.DeciderService	getTasksToBeScheduled(com.netflix.conductor.model.WorkflowModel,com.netflix.conductor.common.metadata.workflow.WorkflowTask,int,java.lang.String)	36392	/home/nima/Developer/nullness-benchmarks/conductor/core/src/main/java/com/netflix/conductor/core/execution/DeciderService.java	PARAMETER	com.netflix.conductor.core.utils.ParametersUtils	getTaskInput(java.util.Map,com.netflix.conductor.model.WorkflowModel,com.netflix.conductor.common.metadata.tasks.TaskDef,java.lang.String)	taskDefinition	2	/home/nima/Developer/nullness-benchmarks/conductor/core/src/main/java/com/netflix/conductor/core/utils/ParametersUtils.java
PASS_NULLABLE	passing @Nullable parameter 'null' where @NonNull is required	com.netflix.conductor.core.execution.DeciderService	getTasksToBeScheduled(com.netflix.conductor.model.WorkflowModel,com.netflix.conductor.common.metadata.workflow.WorkflowTask,int,java.lang.String)	36392	/home/nima/Developer/nullness-benchmarks/conductor/core/src/main/java/com/netflix/conductor/core/execution/DeciderService.java	PARAMETER	com.netflix.conductor.core.utils.ParametersUtils	getTaskInput(java.util.Map,com.netflix.conductor.model.WorkflowModel,com.netflix.conductor.common.metadata.tasks.TaskDef,java.lang.String)	taskId	3	/home/nima/Developer/nullness-benchmarks/conductor/core/src/main/java/com/netflix/conductor/core/utils/ParametersUtils.java
DEREFERENCE_NULLABLE	dereferenced expression taskMappers\n                .getOrDefault(type, taskMappers.get(USER_DEFINED.name())) is @Nullable	com.netflix.conductor.core.execution.DeciderService	getTasksToBeScheduled(com.netflix.conductor.model.WorkflowModel,com.netflix.conductor.common.metadata.workflow.WorkflowTask,int,java.lang.String)	38091	/home/nima/Developer/nullness-benchmarks/conductor/core/src/main/java/com/netflix/conductor/core/execution/DeciderService.java	null	null	null	null	null	null
PASS_NULLABLE	passing @Nullable parameter 'e.getMessage()' where @NonNull is required	com.netflix.conductor.core.execution.DeciderService	isTaskSkipped(com.netflix.conductor.common.metadata.workflow.WorkflowTask,com.netflix.conductor.model.WorkflowModel)	38974	/home/nima/Developer/nullness-benchmarks/conductor/core/src/main/java/com/netflix/conductor/core/execution/DeciderService.java	PARAMETER	com.netflix.conductor.core.exception.TerminateWorkflowException	TerminateWorkflowException(java.lang.String)	reason	0	/home/nima/Developer/nullness-benchmarks/conductor/core/src/main/java/com/netflix/conductor/core/exception/TerminateWorkflowException.java
METHOD_NO_INIT	initializer method does not guarantee @NonNull field terminateTask (line 900) is initialized along all control-flow paths (remember to check for exceptions or early returns).	com.netflix.conductor.core.execution.DeciderService$DeciderOutcome	DeciderOutcome()	39501	/home/nima/Developer/nullness-benchmarks/conductor/core/src/main/java/com/netflix/conductor/core/execution/DeciderService.java	null	null	null	null	null	null
PASS_NULLABLE	passing @Nullable parameter 'null' where @NonNull is required	com.netflix.conductor.core.dal.ExecutionDAOFacade	getWorkflowsByCorrelationId(java.lang.String,java.lang.String,boolean)	8848	/home/nima/Developer/nullness-benchmarks/conductor/core/src/main/java/com/netflix/conductor/core/dal/ExecutionDAOFacade.java	PARAMETER	com.netflix.conductor.dao.IndexDAO	searchWorkflows(java.lang.String,java.lang.String,int,int,java.util.List)	sort	4	/home/nima/Developer/nullness-benchmarks/conductor/core/src/main/java/com/netflix/conductor/dao/IndexDAO.java
RETURN_NULLABLE	returning @Nullable expression from method with @NonNull return type	com.netflix.conductor.core.dal.ExecutionDAOFacade	getTask(java.lang.String)	19174	/home/nima/Developer/nullness-benchmarks/conductor/core/src/main/java/com/netflix/conductor/core/dal/ExecutionDAOFacade.java	METHOD	com.netflix.conductor.core.dal.ExecutionDAOFacade	getTask(java.lang.String)	null	null	/home/nima/Developer/nullness-benchmarks/conductor/core/src/main/java/com/netflix/conductor/core/dal/ExecutionDAOFacade.java
RETURN_NULLABLE	returning @Nullable expression from method with @NonNull return type	com.netflix.conductor.core.dal.ExecutionDAOFacade	getTaskPollDataByDomain(java.lang.String,java.lang.String)	23055	/home/nima/Developer/nullness-benchmarks/conductor/core/src/main/java/com/netflix/conductor/core/dal/ExecutionDAOFacade.java	METHOD	com.netflix.conductor.core.dal.ExecutionDAOFacade	getTaskPollDataByDomain(java.lang.String,java.lang.String)	null	null	/home/nima/Developer/nullness-benchmarks/conductor/core/src/main/java/com/netflix/conductor/core/dal/ExecutionDAOFacade.java
PASS_NULLABLE	passing @Nullable parameter 'null' where @NonNull is required	com.netflix.conductor.core.utils.ParametersUtils	replace(java.util.Map,java.lang.Object)	8033	/home/nima/Developer/nullness-benchmarks/conductor/core/src/main/java/com/netflix/conductor/core/utils/ParametersUtils.java	PARAMETER	com.netflix.conductor.core.utils.ParametersUtils	replace(java.util.Map,com.jayway.jsonpath.DocumentContext,java.lang.String)	taskId	2	/home/nima/Developer/nullness-benchmarks/conductor/core/src/main/java/com/netflix/conductor/core/utils/ParametersUtils.java
PASS_NULLABLE	passing @Nullable parameter 'null' where @NonNull is required	com.netflix.conductor.core.utils.ParametersUtils	replace(java.lang.String)	8356	/home/nima/Developer/nullness-benchmarks/conductor/core/src/main/java/com/netflix/conductor/core/utils/ParametersUtils.java	PARAMETER	com.netflix.conductor.core.utils.ParametersUtils	replaceVariables(java.lang.String,com.jayway.jsonpath.DocumentContext,java.lang.String)	taskId	2	/home/nima/Developer/nullness-benchmarks/conductor/core/src/main/java/com/netflix/conductor/core/utils/ParametersUtils.java
FIELD_NO_INIT	@NonNull field workflowId not initialized	com.netflix.conductor.model.WorkflowModel	workflowId	1818	/home/nima/Developer/nullness-benchmarks/conductor/core/src/main/java/com/netflix/conductor/model/WorkflowModel.java	FIELD	com.netflix.conductor.model.WorkflowModel	null	workflowId	null	/home/nima/Developer/nullness-benchmarks/conductor/core/src/main/java/com/netflix/conductor/model/WorkflowModel.java
FIELD_NO_INIT	@NonNull field parentWorkflowId not initialized	com.netflix.conductor.model.WorkflowModel	parentWorkflowId	1850	/home/nima/Developer/nullness-benchmarks/conductor/core/src/main/java/com/netflix/conductor/model/WorkflowModel.java	FIELD	com.netflix.conductor.model.WorkflowModel	null	parentWorkflowId	null	/home/nima/Developer/nullness-benchmarks/conductor/core/src/main/java/com/netflix/conductor/model/WorkflowModel.java
FIELD_NO_INIT	@NonNull field parentWorkflowTaskId not initialized	com.netflix.conductor.model.WorkflowModel	parentWorkflowTaskId	1888	/home/nima/Developer/nullness-benchmarks/conductor/core/src/main/java/com/netflix/conductor/model/WorkflowModel.java	FIELD	com.netflix.conductor.model.WorkflowModel	null	parentWorkflowTaskId	null	/home/nima/Developer/nullness-benchmarks/conductor/core/src/main/java/com/netflix/conductor/model/WorkflowModel.java
FIELD_NO_INIT	@NonNull field correlationId not initialized	com.netflix.conductor.model.WorkflowModel	correlationId	1987	/home/nima/Developer/nullness-benchmarks/conductor/core/src/main/java/com/netflix/conductor/model/WorkflowModel.java	FIELD	com.netflix.conductor.model.WorkflowModel	null	correlationId	null	/home/nima/Developer/nullness-benchmarks/conductor/core/src/main/java/com/netflix/conductor/model/WorkflowModel.java
FIELD_NO_INIT	@NonNull field reRunFromWorkflowId not initialized	com.netflix.conductor.model.WorkflowModel	reRunFromWorkflowId	2022	/home/nima/Developer/nullness-benchmarks/conductor/core/src/main/java/com/netflix/conductor/model/WorkflowModel.java	FIELD	com.netflix.conductor.model.WorkflowModel	null	reRunFromWorkflowId	null	/home/nima/Developer/nullness-benchmarks/conductor/core/src/main/java/com/netflix/conductor/model/WorkflowModel.java
FIELD_NO_INIT	@NonNull field reasonForIncompletion not initialized	com.netflix.conductor.model.WorkflowModel	reasonForIncompletion	2063	/home/nima/Developer/nullness-benchmarks/conductor/core/src/main/java/com/netflix/conductor/model/WorkflowModel.java	FIELD	com.netflix.conductor.model.WorkflowModel	null	reasonForIncompletion	null	/home/nima/Developer/nullness-benchmarks/conductor/core/src/main/java/com/netflix/conductor/model/WorkflowModel.java
FIELD_NO_INIT	@NonNull field event not initialized	com.netflix.conductor.model.WorkflowModel	event	2106	/home/nima/Developer/nullness-benchmarks/conductor/core/src/main/java/com/netflix/conductor/model/WorkflowModel.java	FIELD	com.netflix.conductor.model.WorkflowModel	null	event	null	/home/nima/Developer/nullness-benchmarks/conductor/core/src/main/java/com/netflix/conductor/model/WorkflowModel.java
FIELD_NO_INIT	@NonNull field workflowDefinition not initialized	com.netflix.conductor.model.WorkflowModel	workflowDefinition	2423	/home/nima/Developer/nullness-benchmarks/conductor/core/src/main/java/com/netflix/conductor/model/WorkflowModel.java	FIELD	com.netflix.conductor.model.WorkflowModel	null	workflowDefinition	null	/home/nima/Developer/nullness-benchmarks/conductor/core/src/main/java/com/netflix/conductor/model/WorkflowModel.java
FIELD_NO_INIT	@NonNull field externalInputPayloadStoragePath not initialized	com.netflix.conductor.model.WorkflowModel	externalInputPayloadStoragePath	2468	/home/nima/Developer/nullness-benchmarks/conductor/core/src/main/java/com/netflix/conductor/model/WorkflowModel.java	FIELD	com.netflix.conductor.model.WorkflowModel	null	externalInputPayloadStoragePath	null	/home/nima/Developer/nullness-benchmarks/conductor/core/src/main/java/com/netflix/conductor/model/WorkflowModel.java
FIELD_NO_INIT	@NonNull field externalOutputPayloadStoragePath not initialized	com.netflix.conductor.model.WorkflowModel	externalOutputPayloadStoragePath	2521	/home/nima/Developer/nullness-benchmarks/conductor/core/src/main/java/com/netflix/conductor/model/WorkflowModel.java	FIELD	com.netflix.conductor.model.WorkflowModel	null	externalOutputPayloadStoragePath	null	/home/nima/Developer/nullness-benchmarks/conductor/core/src/main/java/com/netflix/conductor/model/WorkflowModel.java
FIELD_NO_INIT	@NonNull field ownerApp not initialized	com.netflix.conductor.model.WorkflowModel	ownerApp	2699	/home/nima/Developer/nullness-benchmarks/conductor/core/src/main/java/com/netflix/conductor/model/WorkflowModel.java	FIELD	com.netflix.conductor.model.WorkflowModel	null	ownerApp	null	/home/nima/Developer/nullness-benchmarks/conductor/core/src/main/java/com/netflix/conductor/model/WorkflowModel.java
FIELD_NO_INIT	@NonNull field createTime not initialized	com.netflix.conductor.model.WorkflowModel	createTime	2729	/home/nima/Developer/nullness-benchmarks/conductor/core/src/main/java/com/netflix/conductor/model/WorkflowModel.java	FIELD	com.netflix.conductor.model.WorkflowModel	null	createTime	null	/home/nima/Developer/nullness-benchmarks/conductor/core/src/main/java/com/netflix/conductor/model/WorkflowModel.java
FIELD_NO_INIT	@NonNull field updatedTime not initialized	com.netflix.conductor.model.WorkflowModel	updatedTime	2759	/home/nima/Developer/nullness-benchmarks/conductor/core/src/main/java/com/netflix/conductor/model/WorkflowModel.java	FIELD	com.netflix.conductor.model.WorkflowModel	null	updatedTime	null	/home/nima/Developer/nullness-benchmarks/conductor/core/src/main/java/com/netflix/conductor/model/WorkflowModel.java
FIELD_NO_INIT	@NonNull field createdBy not initialized	com.netflix.conductor.model.WorkflowModel	createdBy	2790	/home/nima/Developer/nullness-benchmarks/conductor/core/src/main/java/com/netflix/conductor/model/WorkflowModel.java	FIELD	com.netflix.conductor.model.WorkflowModel	null	createdBy	null	/home/nima/Developer/nullness-benchmarks/conductor/core/src/main/java/com/netflix/conductor/model/WorkflowModel.java
FIELD_NO_INIT	@NonNull field updatedBy not initialized	com.netflix.conductor.model.WorkflowModel	updatedBy	2821	/home/nima/Developer/nullness-benchmarks/conductor/core/src/main/java/com/netflix/conductor/model/WorkflowModel.java	FIELD	com.netflix.conductor.model.WorkflowModel	null	updatedBy	null	/home/nima/Developer/nullness-benchmarks/conductor/core/src/main/java/com/netflix/conductor/model/WorkflowModel.java
FIELD_NO_INIT	@NonNull field failedTaskId not initialized	com.netflix.conductor.model.WorkflowModel	failedTaskId	2942	/home/nima/Developer/nullness-benchmarks/conductor/core/src/main/java/com/netflix/conductor/model/WorkflowModel.java	FIELD	com.netflix.conductor.model.WorkflowModel	null	failedTaskId	null	/home/nima/Developer/nullness-benchmarks/conductor/core/src/main/java/com/netflix/conductor/model/WorkflowModel.java
FIELD_NO_INIT	@NonNull field previousStatus not initialized	com.netflix.conductor.model.WorkflowModel	previousStatus	2976	/home/nima/Developer/nullness-benchmarks/conductor/core/src/main/java/com/netflix/conductor/model/WorkflowModel.java	FIELD	com.netflix.conductor.model.WorkflowModel	null	previousStatus	null	/home/nima/Developer/nullness-benchmarks/conductor/core/src/main/java/com/netflix/conductor/model/WorkflowModel.java
RETURN_NULLABLE	returning @Nullable expression from method with @NonNull return type	com.netflix.conductor.model.WorkflowModel	getTaskByRefName(java.lang.String)	12661	/home/nima/Developer/nullness-benchmarks/conductor/core/src/main/java/com/netflix/conductor/model/WorkflowModel.java	METHOD	com.netflix.conductor.model.WorkflowModel	getTaskByRefName(java.lang.String)	null	null	/home/nima/Developer/nullness-benchmarks/conductor/core/src/main/java/com/netflix/conductor/model/WorkflowModel.java
PASS_NULLABLE	passing @Nullable parameter 'null' where @NonNull is required	com.netflix.conductor.core.exception.TerminateWorkflowException	TerminateWorkflowException(java.lang.String,com.netflix.conductor.model.WorkflowModel.Status)	1162	/home/nima/Developer/nullness-benchmarks/conductor/core/src/main/java/com/netflix/conductor/core/exception/TerminateWorkflowException.java	PARAMETER	com.netflix.conductor.core.exception.TerminateWorkflowException	TerminateWorkflowException(java.lang.String,com.netflix.conductor.model.WorkflowModel.Status,com.netflix.conductor.model.TaskModel)	task	2	/home/nima/Developer/nullness-benchmarks/conductor/core/src/main/java/com/netflix/conductor/core/exception/TerminateWorkflowException.java
METHOD_NO_INIT	initializer method does not guarantee @NonNull fields workflowModel (line 189), taskDefinition (line 190), workflowTask (line 191), taskInput (line 192), retryTaskId (line 194), taskId (line 195), deciderService (line 196) are initialized along all control-flow paths (remember to check for exceptions or early returns).	com.netflix.conductor.core.execution.mapper.TaskMapperContext$Builder	Builder()	6655	/home/nima/Developer/nullness-benchmarks/conductor/core/src/main/java/com/netflix/conductor/core/execution/mapper/TaskMapperContext.java	null	null	null	null	null	null
RETURN_NULLABLE	returning @Nullable expression from method with @NonNull return type	com.netflix.conductor.core.events.DefaultEventProcessor	getPayloadObject(java.lang.String)	15217	/home/nima/Developer/nullness-benchmarks/conductor/core/src/main/java/com/netflix/conductor/core/events/DefaultEventProcessor.java	METHOD	com.netflix.conductor.core.events.DefaultEventProcessor	getPayloadObject(java.lang.String)	null	null	/home/nima/Developer/nullness-benchmarks/conductor/core/src/main/java/com/netflix/conductor/core/events/DefaultEventProcessor.java
PASS_NULLABLE	passing @Nullable parameter 'null' where @NonNull is required	com.netflix.conductor.service.ExecutionService	poll(java.lang.String,java.lang.String)	3280	/home/nima/Developer/nullness-benchmarks/conductor/core/src/main/java/com/netflix/conductor/service/ExecutionService.java	PARAMETER	com.netflix.conductor.service.ExecutionService	poll(java.lang.String,java.lang.String,java.lang.String)	domain	2	/home/nima/Developer/nullness-benchmarks/conductor/core/src/main/java/com/netflix/conductor/service/ExecutionService.java
RETURN_NULLABLE	returning @Nullable expression from method with @NonNull return type	com.netflix.conductor.service.ExecutionService	poll(java.lang.String,java.lang.String,java.lang.String)	3504	/home/nima/Developer/nullness-benchmarks/conductor/core/src/main/java/com/netflix/conductor/service/ExecutionService.java	METHOD	com.netflix.conductor.service.ExecutionService	poll(java.lang.String,java.lang.String,java.lang.String)	null	null	/home/nima/Developer/nullness-benchmarks/conductor/core/src/main/java/com/netflix/conductor/service/ExecutionService.java
PASS_NULLABLE	passing @Nullable parameter 'null' where @NonNull is required	com.netflix.conductor.service.ExecutionService	poll(java.lang.String,java.lang.String,int,int)	3678	/home/nima/Developer/nullness-benchmarks/conductor/core/src/main/java/com/netflix/conductor/service/ExecutionService.java	PARAMETER	com.netflix.conductor.service.ExecutionService	poll(java.lang.String,java.lang.String,java.lang.String,int,int)	domain	2	/home/nima/Developer/nullness-benchmarks/conductor/core/src/main/java/com/netflix/conductor/service/ExecutionService.java
PASS_NULLABLE	passing @Nullable parameter 'null' where @NonNull is required	com.netflix.conductor.service.ExecutionService	poll(java.lang.String,java.lang.String,java.lang.String,int,int)	4095	/home/nima/Developer/nullness-benchmarks/conductor/core/src/main/java/com/netflix/conductor/service/ExecutionService.java	PARAMETER	com.netflix.conductor.core.utils.QueueUtils	getQueueName(java.lang.String,java.lang.String,java.lang.String,java.lang.String)	isolationGroupId	2	/home/nima/Developer/nullness-benchmarks/conductor/core/src/main/java/com/netflix/conductor/core/utils/QueueUtils.java
PASS_NULLABLE	passing @Nullable parameter 'null' where @NonNull is required	com.netflix.conductor.service.ExecutionService	poll(java.lang.String,java.lang.String,java.lang.String,int,int)	4095	/home/nima/Developer/nullness-benchmarks/conductor/core/src/main/java/com/netflix/conductor/service/ExecutionService.java	PARAMETER	com.netflix.conductor.core.utils.QueueUtils	getQueueName(java.lang.String,java.lang.String,java.lang.String,java.lang.String)	executionNamespace	3	/home/nima/Developer/nullness-benchmarks/conductor/core/src/main/java/com/netflix/conductor/core/utils/QueueUtils.java
PASS_NULLABLE	passing @Nullable parameter 'taskDef' where @NonNull is required	com.netflix.conductor.service.ExecutionService	poll(java.lang.String,java.lang.String,java.lang.String,int,int)	6306	/home/nima/Developer/nullness-benchmarks/conductor/core/src/main/java/com/netflix/conductor/service/ExecutionService.java	PARAMETER	com.netflix.conductor.core.dal.ExecutionDAOFacade	exceedsRateLimitPerFrequency(com.netflix.conductor.model.TaskModel,com.netflix.conductor.common.metadata.tasks.TaskDef)	taskDef	1	/home/nima/Developer/nullness-benchmarks/conductor/core/src/main/java/com/netflix/conductor/core/dal/ExecutionDAOFacade.java
RETURN_NULLABLE	returning @Nullable expression from method with @NonNull return type	com.netflix.conductor.service.ExecutionService	getLastPollTask(java.lang.String,java.lang.String,java.lang.String)	8781	/home/nima/Developer/nullness-benchmarks/conductor/core/src/main/java/com/netflix/conductor/service/ExecutionService.java	METHOD	com.netflix.conductor.service.ExecutionService	getLastPollTask(java.lang.String,java.lang.String,java.lang.String)	null	null	/home/nima/Developer/nullness-benchmarks/conductor/core/src/main/java/com/netflix/conductor/service/ExecutionService.java
RETURN_NULLABLE	returning @Nullable expression from method with @NonNull return type	com.netflix.conductor.service.ExecutionService	getPendingTaskForWorkflow(java.lang.String,java.lang.String)	10963	/home/nima/Developer/nullness-benchmarks/conductor/core/src/main/java/com/netflix/conductor/service/ExecutionService.java	METHOD	com.netflix.conductor.service.ExecutionService	getPendingTaskForWorkflow(java.lang.String,java.lang.String)	null	null	/home/nima/Developer/nullness-benchmarks/conductor/core/src/main/java/com/netflix/conductor/service/ExecutionService.java
PASS_NULLABLE	passing @Nullable parameter 'null' where @NonNull is required	com.netflix.conductor.core.operation.StartWorkflowOperation	startWorkflow(com.netflix.conductor.core.execution.StartWorkflowInput)	4885	/home/nima/Developer/nullness-benchmarks/conductor/core/src/main/java/com/netflix/conductor/core/operation/StartWorkflowOperation.java	PARAMETER	com.netflix.conductor.model.WorkflowModel	setUpdatedBy(java.lang.String)	updatedBy	0	/home/nima/Developer/nullness-benchmarks/conductor/core/src/main/java/com/netflix/conductor/model/WorkflowModel.java
PASS_NULLABLE	passing @Nullable parameter 'null' where @NonNull is required	com.netflix.conductor.core.operation.StartWorkflowOperation	startWorkflow(com.netflix.conductor.core.execution.StartWorkflowInput)	4922	/home/nima/Developer/nullness-benchmarks/conductor/core/src/main/java/com/netflix/conductor/core/operation/StartWorkflowOperation.java	PARAMETER	com.netflix.conductor.model.WorkflowModel	setUpdatedTime(java.lang.Long)	updatedTime	0	/home/nima/Developer/nullness-benchmarks/conductor/core/src/main/java/com/netflix/conductor/model/WorkflowModel.java
METHOD_NO_INIT	initializer method does not guarantee @NonNull fields name (line 23), version (line 24), workflowDefinition (line 25), workflowInput (line 26), externalInputPayloadStoragePath (line 27), correlationId (line 28), priority (line 29), parentWorkflowId (line 30), parentWorkflowTaskId (line 31), event (line 32), taskToDomain (line 33), workflowId (line 34), triggeringWorkflowId (line 35) are initialized along all control-flow paths (remember to check for exceptions or early returns).	com.netflix.conductor.core.execution.StartWorkflowInput	StartWorkflowInput()	1359	/home/nima/Developer/nullness-benchmarks/conductor/core/src/main/java/com/netflix/conductor/core/execution/StartWorkflowInput.java	null	null	null	null	null	null
METHOD_NO_INIT	initializer method does not guarantee @NonNull fields parentWorkflowId (line 30), parentWorkflowTaskId (line 31), event (line 32), workflowId (line 34), triggeringWorkflowId (line 35) are initialized along all control-flow paths (remember to check for exceptions or early returns).	com.netflix.conductor.core.execution.StartWorkflowInput	StartWorkflowInput(com.netflix.conductor.common.metadata.workflow.StartWorkflowRequest)	1395	/home/nima/Developer/nullness-benchmarks/conductor/core/src/main/java/com/netflix/conductor/core/execution/StartWorkflowInput.java	null	null	null	null	null	null
RETURN_NULLABLE	returning @Nullable expression from method with @NonNull return type	com.netflix.conductor.core.execution.AsyncSystemTaskExecutor	loadTaskQuietly(java.lang.String)	8646	/home/nima/Developer/nullness-benchmarks/conductor/core/src/main/java/com/netflix/conductor/core/execution/AsyncSystemTaskExecutor.java	METHOD	com.netflix.conductor.core.execution.AsyncSystemTaskExecutor	loadTaskQuietly(java.lang.String)	null	null	/home/nima/Developer/nullness-benchmarks/conductor/core/src/main/java/com/netflix/conductor/core/execution/AsyncSystemTaskExecutor.java
DEREFERENCE_NULLABLE	dereferenced expression input.get("subWorkflowName") is @Nullable	com.netflix.conductor.core.execution.tasks.SubWorkflow	start(com.netflix.conductor.model.WorkflowModel,com.netflix.conductor.model.TaskModel,com.netflix.conductor.core.execution.WorkflowExecutor)	2288	/home/nima/Developer/nullness-benchmarks/conductor/core/src/main/java/com/netflix/conductor/core/execution/tasks/SubWorkflow.java	null	null	null	null	null	null
UNBOX_NULLABLE	unboxing of a @Nullable value	com.netflix.conductor.core.execution.tasks.SubWorkflow	start(com.netflix.conductor.model.WorkflowModel,com.netflix.conductor.model.TaskModel,com.netflix.conductor.core.execution.WorkflowExecutor)	2351	/home/nima/Developer/nullness-benchmarks/conductor/core/src/main/java/com/netflix/conductor/core/execution/tasks/SubWorkflow.java	null	null	null	null	null	null
PASS_NULLABLE	passing @Nullable parameter 'workflowDefinition' where @NonNull is required	com.netflix.conductor.core.execution.tasks.SubWorkflow	start(com.netflix.conductor.model.WorkflowModel,com.netflix.conductor.model.TaskModel,com.netflix.conductor.core.execution.WorkflowExecutor)	3352	/home/nima/Developer/nullness-benchmarks/conductor/core/src/main/java/com/netflix/conductor/core/execution/tasks/SubWorkflow.java	PARAMETER	com.netflix.conductor.core.execution.StartWorkflowInput	setWorkflowDefinition(com.netflix.conductor.common.metadata.workflow.WorkflowDef)	workflowDefinition	0	/home/nima/Developer/nullness-benchmarks/conductor/core/src/main/java/com/netflix/conductor/core/execution/StartWorkflowInput.java
PASS_NULLABLE	passing @Nullable parameter 'ae.getMessage()' where @NonNull is required	com.netflix.conductor.core.execution.tasks.SubWorkflow	start(com.netflix.conductor.model.WorkflowModel,com.netflix.conductor.model.TaskModel,com.netflix.conductor.core.execution.WorkflowExecutor)	4768	/home/nima/Developer/nullness-benchmarks/conductor/core/src/main/java/com/netflix/conductor/core/execution/tasks/SubWorkflow.java	PARAMETER	com.netflix.conductor.model.TaskModel	setReasonForIncompletion(java.lang.String)	reasonForIncompletion	0	/home/nima/Developer/nullness-benchmarks/conductor/core/src/main/java/com/netflix/conductor/model/TaskModel.java
PASS_NULLABLE	passing @Nullable parameter 'null' where @NonNull is required	com.netflix.conductor.core.execution.tasks.SubWorkflow	cancel(com.netflix.conductor.model.WorkflowModel,com.netflix.conductor.model.TaskModel,com.netflix.conductor.core.execution.WorkflowExecutor)	6359	/home/nima/Developer/nullness-benchmarks/conductor/core/src/main/java/com/netflix/conductor/core/execution/tasks/SubWorkflow.java	PARAMETER	com.netflix.conductor.core.execution.WorkflowExecutor	terminateWorkflow(com.netflix.conductor.model.WorkflowModel,java.lang.String,java.lang.String)	failureWorkflow	2	/home/nima/Developer/nullness-benchmarks/conductor/core/src/main/java/com/netflix/conductor/core/execution/WorkflowExecutor.java
PASS_NULLABLE	passing @Nullable parameter 'e.getMessage()' where @NonNull is required	com.netflix.conductor.core.execution.tasks.Lambda	execute(com.netflix.conductor.model.WorkflowModel,com.netflix.conductor.model.TaskModel,com.netflix.conductor.core.execution.WorkflowExecutor)	3934	/home/nima/Developer/nullness-benchmarks/conductor/core/src/main/java/com/netflix/conductor/core/execution/tasks/Lambda.java	PARAMETER	com.netflix.conductor.model.TaskModel	setReasonForIncompletion(java.lang.String)	reasonForIncompletion	0	/home/nima/Developer/nullness-benchmarks/conductor/core/src/main/java/com/netflix/conductor/model/TaskModel.java
PASS_NULLABLE	passing @Nullable parameter 'e.getCause() != null ? e.getCause().getMessage() : e.getMessage()' where @NonNull is required	com.netflix.conductor.core.execution.tasks.Lambda	execute(com.netflix.conductor.model.WorkflowModel,com.netflix.conductor.model.TaskModel,com.netflix.conductor.core.execution.WorkflowExecutor)	3993	/home/nima/Developer/nullness-benchmarks/conductor/core/src/main/java/com/netflix/conductor/core/execution/tasks/Lambda.java	PARAMETER	com.netflix.conductor.model.TaskModel	addOutput(java.lang.String,java.lang.Object)	value	1	/home/nima/Developer/nullness-benchmarks/conductor/core/src/main/java/com/netflix/conductor/model/TaskModel.java
PASS_NULLABLE	passing @Nullable parameter 'evaluatorType' where @NonNull is required	com.netflix.conductor.core.execution.tasks.Inline	execute(com.netflix.conductor.model.WorkflowModel,com.netflix.conductor.model.TaskModel,com.netflix.conductor.core.execution.WorkflowExecutor)	2830	/home/nima/Developer/nullness-benchmarks/conductor/core/src/main/java/com/netflix/conductor/core/execution/tasks/Inline.java	PARAMETER	com.netflix.conductor.core.execution.tasks.Inline	checkEvaluatorType(java.lang.String)	evaluatorType	0	/home/nima/Developer/nullness-benchmarks/conductor/core/src/main/java/com/netflix/conductor/core/execution/tasks/Inline.java
PASS_NULLABLE	passing @Nullable parameter 'expression' where @NonNull is required	com.netflix.conductor.core.execution.tasks.Inline	execute(com.netflix.conductor.model.WorkflowModel,com.netflix.conductor.model.TaskModel,com.netflix.conductor.core.execution.WorkflowExecutor)	2877	/home/nima/Developer/nullness-benchmarks/conductor/core/src/main/java/com/netflix/conductor/core/execution/tasks/Inline.java	PARAMETER	com.netflix.conductor.core.execution.tasks.Inline	checkExpression(java.lang.String)	expression	0	/home/nima/Developer/nullness-benchmarks/conductor/core/src/main/java/com/netflix/conductor/core/execution/tasks/Inline.java
PASS_NULLABLE	passing @Nullable parameter 'expression' where @NonNull is required	com.netflix.conductor.core.execution.tasks.Inline	execute(com.netflix.conductor.model.WorkflowModel,com.netflix.conductor.model.TaskModel,com.netflix.conductor.core.execution.WorkflowExecutor)	3003	/home/nima/Developer/nullness-benchmarks/conductor/core/src/main/java/com/netflix/conductor/core/execution/tasks/Inline.java	PARAMETER	com.netflix.conductor.core.execution.evaluators.Evaluator	evaluate(java.lang.String,java.lang.Object)	expression	0	/home/nima/Developer/nullness-benchmarks/conductor/core/src/main/java/com/netflix/conductor/core/execution/evaluators/Evaluator.java
DEREFERENCE_NULLABLE	dereferenced expression evaluator is @Nullable	com.netflix.conductor.core.execution.tasks.Inline	execute(com.netflix.conductor.model.WorkflowModel,com.netflix.conductor.model.TaskModel,com.netflix.conductor.core.execution.WorkflowExecutor)	3003	/home/nima/Developer/nullness-benchmarks/conductor/core/src/main/java/com/netflix/conductor/core/execution/tasks/Inline.java	null	null	null	null	null	null
PASS_NULLABLE	passing @Nullable parameter 'errorMessage' where @NonNull is required	com.netflix.conductor.core.execution.tasks.Inline	execute(com.netflix.conductor.model.WorkflowModel,com.netflix.conductor.model.TaskModel,com.netflix.conductor.core.execution.WorkflowExecutor)	3905	/home/nima/Developer/nullness-benchmarks/conductor/core/src/main/java/com/netflix/conductor/core/execution/tasks/Inline.java	PARAMETER	com.netflix.conductor.model.TaskModel	setReasonForIncompletion(java.lang.String)	reasonForIncompletion	0	/home/nima/Developer/nullness-benchmarks/conductor/core/src/main/java/com/netflix/conductor/model/TaskModel.java
PASS_NULLABLE	passing @Nullable parameter 'errorMessage' where @NonNull is required	com.netflix.conductor.core.execution.tasks.Inline	execute(com.netflix.conductor.model.WorkflowModel,com.netflix.conductor.model.TaskModel,com.netflix.conductor.core.execution.WorkflowExecutor)	3962	/home/nima/Developer/nullness-benchmarks/conductor/core/src/main/java/com/netflix/conductor/core/execution/tasks/Inline.java	PARAMETER	com.netflix.conductor.model.TaskModel	addOutput(java.lang.String,java.lang.Object)	value	1	/home/nima/Developer/nullness-benchmarks/conductor/core/src/main/java/com/netflix/conductor/model/TaskModel.java
PASS_NULLABLE	passing @Nullable parameter 'taskDefinition' where @NonNull is required	com.netflix.conductor.core.execution.tasks.DoWhile	evaluateCondition(com.netflix.conductor.model.WorkflowModel,com.netflix.conductor.model.TaskModel)	9852	/home/nima/Developer/nullness-benchmarks/conductor/core/src/main/java/com/netflix/conductor/core/execution/tasks/DoWhile.java	PARAMETER	com.netflix.conductor.core.utils.ParametersUtils	getTaskInputV2(java.util.Map,com.netflix.conductor.model.WorkflowModel,java.lang.String,com.netflix.conductor.common.metadata.tasks.TaskDef)	taskDefinition	3	/home/nima/Developer/nullness-benchmarks/conductor/core/src/main/java/com/netflix/conductor/core/utils/ParametersUtils.java
PASS_NULLABLE	passing @Nullable parameter 'null' where @NonNull is required	com.netflix.conductor.core.execution.tasks.IsolatedTaskQueueProducer	addTaskQueues()	4612	/home/nima/Developer/nullness-benchmarks/conductor/core/src/main/java/com/netflix/conductor/core/execution/tasks/IsolatedTaskQueueProducer.java	PARAMETER	com.netflix.conductor.core.utils.QueueUtils	getQueueName(java.lang.String,java.lang.String,java.lang.String,java.lang.String)	domain	1	/home/nima/Developer/nullness-benchmarks/conductor/core/src/main/java/com/netflix/conductor/core/utils/QueueUtils.java
PASS_NULLABLE	passing @Nullable parameter 'e.getMessage()' where @NonNull is required	com.netflix.conductor.core.execution.tasks.Event	start(com.netflix.conductor.model.WorkflowModel,com.netflix.conductor.model.TaskModel,com.netflix.conductor.core.execution.WorkflowExecutor)	2977	/home/nima/Developer/nullness-benchmarks/conductor/core/src/main/java/com/netflix/conductor/core/execution/tasks/Event.java	PARAMETER	com.netflix.conductor.model.TaskModel	setReasonForIncompletion(java.lang.String)	reasonForIncompletion	0	/home/nima/Developer/nullness-benchmarks/conductor/core/src/main/java/com/netflix/conductor/model/TaskModel.java
PASS_NULLABLE	passing @Nullable parameter 'queueName' where @NonNull is required	com.netflix.conductor.core.execution.tasks.Event	execute(com.netflix.conductor.model.WorkflowModel,com.netflix.conductor.model.TaskModel,com.netflix.conductor.core.execution.WorkflowExecutor)	3500	/home/nima/Developer/nullness-benchmarks/conductor/core/src/main/java/com/netflix/conductor/core/execution/tasks/Event.java	PARAMETER	com.netflix.conductor.core.execution.tasks.Event	getQueue(java.lang.String,java.lang.String)	queueName	0	/home/nima/Developer/nullness-benchmarks/conductor/core/src/main/java/com/netflix/conductor/core/execution/tasks/Event.java
PASS_NULLABLE	passing @Nullable parameter 'e.getMessage()' where @NonNull is required	com.netflix.conductor.core.execution.tasks.Event	execute(com.netflix.conductor.model.WorkflowModel,com.netflix.conductor.model.TaskModel,com.netflix.conductor.core.execution.WorkflowExecutor)	4370	/home/nima/Developer/nullness-benchmarks/conductor/core/src/main/java/com/netflix/conductor/core/execution/tasks/Event.java	PARAMETER	com.netflix.conductor.model.TaskModel	setReasonForIncompletion(java.lang.String)	reasonForIncompletion	0	/home/nima/Developer/nullness-benchmarks/conductor/core/src/main/java/com/netflix/conductor/model/TaskModel.java
PASS_NULLABLE	passing @Nullable parameter 'null' where @NonNull is required	com.netflix.conductor.core.execution.tasks.Event	cancel(com.netflix.conductor.model.WorkflowModel,com.netflix.conductor.model.TaskModel,com.netflix.conductor.core.execution.WorkflowExecutor)	4792	/home/nima/Developer/nullness-benchmarks/conductor/core/src/main/java/com/netflix/conductor/core/execution/tasks/Event.java	PARAMETER	com.netflix.conductor.core.events.queue.Message	Message(java.lang.String,java.lang.String,java.lang.String)	payload	1	/home/nima/Developer/nullness-benchmarks/conductor/core/src/main/java/com/netflix/conductor/core/events/queue/Message.java
PASS_NULLABLE	passing @Nullable parameter 'null' where @NonNull is required	com.netflix.conductor.core.execution.tasks.Event	computeQueueName(com.netflix.conductor.model.WorkflowModel,com.netflix.conductor.model.TaskModel)	5337	/home/nima/Developer/nullness-benchmarks/conductor/core/src/main/java/com/netflix/conductor/core/execution/tasks/Event.java	PARAMETER	com.netflix.conductor.core.utils.ParametersUtils	getTaskInputV2(java.util.Map,com.netflix.conductor.model.WorkflowModel,java.lang.String,com.netflix.conductor.common.metadata.tasks.TaskDef)	taskDefinition	3	/home/nima/Developer/nullness-benchmarks/conductor/core/src/main/java/com/netflix/conductor/core/utils/ParametersUtils.java
DEREFERENCE_NULLABLE	dereferenced expression sinkValue is @Nullable	com.netflix.conductor.core.execution.tasks.Event	computeQueueName(com.netflix.conductor.model.WorkflowModel,com.netflix.conductor.model.TaskModel)	5519	/home/nima/Developer/nullness-benchmarks/conductor/core/src/main/java/com/netflix/conductor/core/execution/tasks/Event.java	null	null	null	null	null	null
RETURN_NULLABLE	returning @Nullable expression from method with @NonNull return type	com.netflix.conductor.core.execution.tasks.Event	computeQueueName(com.netflix.conductor.model.WorkflowModel,com.netflix.conductor.model.TaskModel)	6347	/home/nima/Developer/nullness-benchmarks/conductor/core/src/main/java/com/netflix/conductor/core/execution/tasks/Event.java	METHOD	com.netflix.conductor.core.execution.tasks.Event	computeQueueName(com.netflix.conductor.model.WorkflowModel,com.netflix.conductor.model.TaskModel)	null	null	/home/nima/Developer/nullness-benchmarks/conductor/core/src/main/java/com/netflix/conductor/core/execution/tasks/Event.java
PASS_NULLABLE	passing @Nullable parameter 'returnStatus' where @NonNull is required	com.netflix.conductor.core.execution.tasks.Terminate	execute(com.netflix.conductor.model.WorkflowModel,com.netflix.conductor.model.TaskModel,com.netflix.conductor.core.execution.WorkflowExecutor)	2813	/home/nima/Developer/nullness-benchmarks/conductor/core/src/main/java/com/netflix/conductor/core/execution/tasks/Terminate.java	PARAMETER	com.netflix.conductor.core.execution.tasks.Terminate	validateInputStatus(java.lang.String)	status	0	/home/nima/Developer/nullness-benchmarks/conductor/core/src/main/java/com/netflix/conductor/core/execution/tasks/Terminate.java
DEREFERENCE_NULLABLE	dereferenced expression joinOn is @Nullable	com.netflix.conductor.core.execution.tasks.Join	execute(com.netflix.conductor.model.WorkflowModel,com.netflix.conductor.model.TaskModel,com.netflix.conductor.core.execution.WorkflowExecutor)	1801	/home/nima/Developer/nullness-benchmarks/conductor/core/src/main/java/com/netflix/conductor/core/execution/tasks/Join.java	null	null	null	null	null	null
DEREFERENCE_NULLABLE	enhanced-for expression joinOn is @Nullable	com.netflix.conductor.core.execution.tasks.Join	execute(com.netflix.conductor.model.WorkflowModel,com.netflix.conductor.model.TaskModel,com.netflix.conductor.core.execution.WorkflowExecutor)	1989	/home/nima/Developer/nullness-benchmarks/conductor/core/src/main/java/com/netflix/conductor/core/execution/tasks/Join.java	null	null	null	null	null	null
DEREFERENCE_NULLABLE	dereferenced expression joinOn is @Nullable	com.netflix.conductor.core.execution.tasks.ExclusiveJoin	execute(com.netflix.conductor.model.WorkflowModel,com.netflix.conductor.model.TaskModel,com.netflix.conductor.core.execution.WorkflowExecutor)	2099	/home/nima/Developer/nullness-benchmarks/conductor/core/src/main/java/com/netflix/conductor/core/execution/tasks/ExclusiveJoin.java	null	null	null	null	null	null
DEREFERENCE_NULLABLE	enhanced-for expression joinOn is @Nullable	com.netflix.conductor.core.execution.tasks.ExclusiveJoin	execute(com.netflix.conductor.model.WorkflowModel,com.netflix.conductor.model.TaskModel,com.netflix.conductor.core.execution.WorkflowExecutor)	2327	/home/nima/Developer/nullness-benchmarks/conductor/core/src/main/java/com/netflix/conductor/core/execution/tasks/ExclusiveJoin.java	null	null	null	null	null	null
DEREFERENCE_NULLABLE	dereferenced expression exclusiveTask is @Nullable	com.netflix.conductor.core.execution.tasks.ExclusiveJoin	execute(com.netflix.conductor.model.WorkflowModel,com.netflix.conductor.model.TaskModel,com.netflix.conductor.core.execution.WorkflowExecutor)	5254	/home/nima/Developer/nullness-benchmarks/conductor/core/src/main/java/com/netflix/conductor/core/execution/tasks/ExclusiveJoin.java	null	null	null	null	null	null
PASS_NULLABLE	passing @Nullable parameter 'ae.getMessage()' where @NonNull is required	com.netflix.conductor.core.execution.tasks.StartWorkflow	start(com.netflix.conductor.model.WorkflowModel,com.netflix.conductor.model.TaskModel,com.netflix.conductor.core.execution.WorkflowExecutor)	3490	/home/nima/Developer/nullness-benchmarks/conductor/core/src/main/java/com/netflix/conductor/core/execution/tasks/StartWorkflow.java	PARAMETER	com.netflix.conductor.model.TaskModel	setReasonForIncompletion(java.lang.String)	reasonForIncompletion	0	/home/nima/Developer/nullness-benchmarks/conductor/core/src/main/java/com/netflix/conductor/model/TaskModel.java
RETURN_NULLABLE	returning @Nullable expression from method with @NonNull return type	com.netflix.conductor.core.execution.tasks.StartWorkflow	getRequest(com.netflix.conductor.model.TaskModel)	5737	/home/nima/Developer/nullness-benchmarks/conductor/core/src/main/java/com/netflix/conductor/core/execution/tasks/StartWorkflow.java	METHOD	com.netflix.conductor.core.execution.tasks.StartWorkflow	getRequest(com.netflix.conductor.model.TaskModel)	null	null	/home/nima/Developer/nullness-benchmarks/conductor/core/src/main/java/com/netflix/conductor/core/execution/tasks/StartWorkflow.java
PASS_NULLABLE	passing @Nullable parameter 'null' where @NonNull is required	com.netflix.conductor.core.execution.mapper.WaitTaskMapper	getMappedTasks(com.netflix.conductor.core.execution.mapper.TaskMapperContext)	2213	/home/nima/Developer/nullness-benchmarks/conductor/core/src/main/java/com/netflix/conductor/core/execution/mapper/WaitTaskMapper.java	PARAMETER	com.netflix.conductor.core.utils.ParametersUtils	getTaskInputV2(java.util.Map,com.netflix.conductor.model.WorkflowModel,java.lang.String,com.netflix.conductor.common.metadata.tasks.TaskDef)	taskDefinition	3	/home/nima/Developer/nullness-benchmarks/conductor/core/src/main/java/com/netflix/conductor/core/utils/ParametersUtils.java
DEREFERENCE_NULLABLE	dereferenced expression resolvedParams.get("name") is @Nullable	com.netflix.conductor.core.execution.mapper.SubWorkflowTaskMapper	getMappedTasks(com.netflix.conductor.core.execution.mapper.TaskMapperContext)	2835	/home/nima/Developer/nullness-benchmarks/conductor/core/src/main/java/com/netflix/conductor/core/execution/mapper/SubWorkflowTaskMapper.java	null	null	null	null	null	null
PASS_NULLABLE	passing @Nullable parameter 'subWorkflowTaskToDomain' where @NonNull is required	com.netflix.conductor.core.execution.mapper.SubWorkflowTaskMapper	getMappedTasks(com.netflix.conductor.core.execution.mapper.TaskMapperContext)	3587	/home/nima/Developer/nullness-benchmarks/conductor/core/src/main/java/com/netflix/conductor/core/execution/mapper/SubWorkflowTaskMapper.java	PARAMETER	com.netflix.conductor.model.TaskModel	addInput(java.lang.String,java.lang.Object)	value	1	/home/nima/Developer/nullness-benchmarks/conductor/core/src/main/java/com/netflix/conductor/model/TaskModel.java
PASS_NULLABLE	passing @Nullable parameter 'subWorkflowDefinition' where @NonNull is required	com.netflix.conductor.core.execution.mapper.SubWorkflowTaskMapper	getMappedTasks(com.netflix.conductor.core.execution.mapper.TaskMapperContext)	3673	/home/nima/Developer/nullness-benchmarks/conductor/core/src/main/java/com/netflix/conductor/core/execution/mapper/SubWorkflowTaskMapper.java	PARAMETER	com.netflix.conductor.model.TaskModel	addInput(java.lang.String,java.lang.Object)	value	1	/home/nima/Developer/nullness-benchmarks/conductor/core/src/main/java/com/netflix/conductor/model/TaskModel.java
PASS_NULLABLE	passing @Nullable parameter 'null' where @NonNull is required	com.netflix.conductor.core.execution.mapper.SubWorkflowTaskMapper	getSubWorkflowInputParameters(com.netflix.conductor.model.WorkflowModel,com.netflix.conductor.common.metadata.workflow.SubWorkflowParams)	5465	/home/nima/Developer/nullness-benchmarks/conductor/core/src/main/java/com/netflix/conductor/core/execution/mapper/SubWorkflowTaskMapper.java	PARAMETER	com.netflix.conductor.core.utils.ParametersUtils	getTaskInputV2(java.util.Map,com.netflix.conductor.model.WorkflowModel,java.lang.String,com.netflix.conductor.common.metadata.tasks.TaskDef)	taskId	2	/home/nima/Developer/nullness-benchmarks/conductor/core/src/main/java/com/netflix/conductor/core/utils/ParametersUtils.java
PASS_NULLABLE	passing @Nullable parameter 'null' where @NonNull is required	com.netflix.conductor.core.execution.mapper.SubWorkflowTaskMapper	getSubWorkflowInputParameters(com.netflix.conductor.model.WorkflowModel,com.netflix.conductor.common.metadata.workflow.SubWorkflowParams)	5465	/home/nima/Developer/nullness-benchmarks/conductor/core/src/main/java/com/netflix/conductor/core/execution/mapper/SubWorkflowTaskMapper.java	PARAMETER	com.netflix.conductor.core.utils.ParametersUtils	getTaskInputV2(java.util.Map,com.netflix.conductor.model.WorkflowModel,java.lang.String,com.netflix.conductor.common.metadata.tasks.TaskDef)	taskDefinition	3	/home/nima/Developer/nullness-benchmarks/conductor/core/src/main/java/com/netflix/conductor/core/utils/ParametersUtils.java
PASS_NULLABLE	passing @Nullable parameter 'null' where @NonNull is required	com.netflix.conductor.core.execution.mapper.HumanTaskMapper	getMappedTasks(com.netflix.conductor.core.execution.mapper.TaskMapperContext)	2138	/home/nima/Developer/nullness-benchmarks/conductor/core/src/main/java/com/netflix/conductor/core/execution/mapper/HumanTaskMapper.java	PARAMETER	com.netflix.conductor.core.utils.ParametersUtils	getTaskInputV2(java.util.Map,com.netflix.conductor.model.WorkflowModel,java.lang.String,com.netflix.conductor.common.metadata.tasks.TaskDef)	taskDefinition	3	/home/nima/Developer/nullness-benchmarks/conductor/core/src/main/java/com/netflix/conductor/core/utils/ParametersUtils.java
PASS_NULLABLE	passing @Nullable parameter 'forkedTaskInput' where @NonNull is required	com.netflix.conductor.core.execution.mapper.ForkJoinDynamicTaskMapper	getMappedTasks(com.netflix.conductor.core.execution.mapper.TaskMapperContext)	10107	/home/nima/Developer/nullness-benchmarks/conductor/core/src/main/java/com/netflix/conductor/core/execution/mapper/ForkJoinDynamicTaskMapper.java	PARAMETER	com.netflix.conductor.model.TaskModel	addInput(java.util.Map)	inputData	0	/home/nima/Developer/nullness-benchmarks/conductor/core/src/main/java/com/netflix/conductor/model/TaskModel.java
PASS_NULLABLE	passing @Nullable parameter 'null' where @NonNull is required	com.netflix.conductor.core.execution.mapper.ForkJoinDynamicTaskMapper	getDynamicForkTasksAndInput(com.netflix.conductor.common.metadata.workflow.WorkflowTask,com.netflix.conductor.model.WorkflowModel,java.lang.String)	16363	/home/nima/Developer/nullness-benchmarks/conductor/core/src/main/java/com/netflix/conductor/core/execution/mapper/ForkJoinDynamicTaskMapper.java	PARAMETER	com.netflix.conductor.core.utils.ParametersUtils	getTaskInput(java.util.Map,com.netflix.conductor.model.WorkflowModel,com.netflix.conductor.common.metadata.tasks.TaskDef,java.lang.String)	taskDefinition	2	/home/nima/Developer/nullness-benchmarks/conductor/core/src/main/java/com/netflix/conductor/core/utils/ParametersUtils.java
PASS_NULLABLE	passing @Nullable parameter 'null' where @NonNull is required	com.netflix.conductor.core.execution.mapper.ForkJoinDynamicTaskMapper	getDynamicForkTasksAndInput(com.netflix.conductor.common.metadata.workflow.WorkflowTask,com.netflix.conductor.model.WorkflowModel,java.lang.String)	16363	/home/nima/Developer/nullness-benchmarks/conductor/core/src/main/java/com/netflix/conductor/core/execution/mapper/ForkJoinDynamicTaskMapper.java	PARAMETER	com.netflix.conductor.core.utils.ParametersUtils	getTaskInput(java.util.Map,com.netflix.conductor.model.WorkflowModel,com.netflix.conductor.common.metadata.tasks.TaskDef,java.lang.String)	taskId	3	/home/nima/Developer/nullness-benchmarks/conductor/core/src/main/java/com/netflix/conductor/core/utils/ParametersUtils.java
PASS_NULLABLE	passing @Nullable parameter 'null' where @NonNull is required	com.netflix.conductor.core.execution.mapper.ForkJoinDynamicTaskMapper	getDynamicForkJoinTasksAndInput(com.netflix.conductor.common.metadata.workflow.WorkflowTask,com.netflix.conductor.model.WorkflowModel)	19044	/home/nima/Developer/nullness-benchmarks/conductor/core/src/main/java/com/netflix/conductor/core/execution/mapper/ForkJoinDynamicTaskMapper.java	PARAMETER	com.netflix.conductor.core.utils.ParametersUtils	getTaskInput(java.util.Map,com.netflix.conductor.model.WorkflowModel,com.netflix.conductor.common.metadata.tasks.TaskDef,java.lang.String)	taskDefinition	2	/home/nima/Developer/nullness-benchmarks/conductor/core/src/main/java/com/netflix/conductor/core/utils/ParametersUtils.java
PASS_NULLABLE	passing @Nullable parameter 'null' where @NonNull is required	com.netflix.conductor.core.execution.mapper.ForkJoinDynamicTaskMapper	getDynamicForkJoinTasksAndInput(com.netflix.conductor.common.metadata.workflow.WorkflowTask,com.netflix.conductor.model.WorkflowModel)	19044	/home/nima/Developer/nullness-benchmarks/conductor/core/src/main/java/com/netflix/conductor/core/execution/mapper/ForkJoinDynamicTaskMapper.java	PARAMETER	com.netflix.conductor.core.utils.ParametersUtils	getTaskInput(java.util.Map,com.netflix.conductor.model.WorkflowModel,com.netflix.conductor.common.metadata.tasks.TaskDef,java.lang.String)	taskId	3	/home/nima/Developer/nullness-benchmarks/conductor/core/src/main/java/com/netflix/conductor/core/utils/ParametersUtils.java
PASS_NULLABLE	passing @Nullable parameter 'null' where @NonNull is required	com.netflix.conductor.core.execution.mapper.EventTaskMapper	getMappedTasks(com.netflix.conductor.core.execution.mapper.TaskMapperContext)	2287	/home/nima/Developer/nullness-benchmarks/conductor/core/src/main/java/com/netflix/conductor/core/execution/mapper/EventTaskMapper.java	PARAMETER	com.netflix.conductor.core.utils.ParametersUtils	getTaskInputV2(java.util.Map,com.netflix.conductor.model.WorkflowModel,java.lang.String,com.netflix.conductor.common.metadata.tasks.TaskDef)	taskDefinition	3	/home/nima/Developer/nullness-benchmarks/conductor/core/src/main/java/com/netflix/conductor/core/utils/ParametersUtils.java
PASS_NULLABLE	passing @Nullable parameter 'null' where @NonNull is required	com.netflix.conductor.core.execution.mapper.TerminateTaskMapper	getMappedTasks(com.netflix.conductor.core.execution.mapper.TaskMapperContext)	1911	/home/nima/Developer/nullness-benchmarks/conductor/core/src/main/java/com/netflix/conductor/core/execution/mapper/TerminateTaskMapper.java	PARAMETER	com.netflix.conductor.core.utils.ParametersUtils	getTaskInputV2(java.util.Map,com.netflix.conductor.model.WorkflowModel,java.lang.String,com.netflix.conductor.common.metadata.tasks.TaskDef)	taskDefinition	3	/home/nima/Developer/nullness-benchmarks/conductor/core/src/main/java/com/netflix/conductor/core/utils/ParametersUtils.java
RETURN_NULLABLE	returning @Nullable expression from method with @NonNull return type	com.netflix.conductor.core.execution.evaluators.ValueParamEvaluator	evaluate(java.lang.String,java.lang.Object)	1480	/home/nima/Developer/nullness-benchmarks/conductor/core/src/main/java/com/netflix/conductor/core/execution/evaluators/ValueParamEvaluator.java	METHOD	com.netflix.conductor.core.execution.evaluators.ValueParamEvaluator	evaluate(java.lang.String,java.lang.Object)	null	null	/home/nima/Developer/nullness-benchmarks/conductor/core/src/main/java/com/netflix/conductor/core/execution/evaluators/ValueParamEvaluator.java
PASS_NULLABLE	passing @Nullable parameter 'e.getMessage()' where @NonNull is required	com.netflix.conductor.core.execution.evaluators.JavascriptEvaluator	evaluate(java.lang.String,java.lang.Object)	1720	/home/nima/Developer/nullness-benchmarks/conductor/core/src/main/java/com/netflix/conductor/core/execution/evaluators/JavascriptEvaluator.java	PARAMETER	com.netflix.conductor.core.exception.TerminateWorkflowException	TerminateWorkflowException(java.lang.String)	reason	0	/home/nima/Developer/nullness-benchmarks/conductor/core/src/main/java/com/netflix/conductor/core/exception/TerminateWorkflowException.java
ASSIGN_FIELD_NULLABLE	assigning @Nullable expression to @NonNull field	com.netflix.conductor.core.WorkflowContext	WorkflowContext(java.lang.String)	1046	/home/nima/Developer/nullness-benchmarks/conductor/core/src/main/java/com/netflix/conductor/core/WorkflowContext.java	FIELD	com.netflix.conductor.core.WorkflowContext	null	userName	null	/home/nima/Developer/nullness-benchmarks/conductor/core/src/main/java/com/netflix/conductor/core/WorkflowContext.java
ASSIGN_FIELD_NULLABLE	assigning @Nullable expression to @NonNull field	com.netflix.conductor.core.reconciliation.WorkflowSweeper	WorkflowSweeper(com.netflix.conductor.core.execution.WorkflowExecutor,java.util.Optional,com.netflix.conductor.core.config.ConductorProperties,com.netflix.conductor.dao.QueueDAO)	2608	/home/nima/Developer/nullness-benchmarks/conductor/core/src/main/java/com/netflix/conductor/core/reconciliation/WorkflowSweeper.java	FIELD	com.netflix.conductor.core.reconciliation.WorkflowSweeper	null	workflowRepairService	null	/home/nima/Developer/nullness-benchmarks/conductor/core/src/main/java/com/netflix/conductor/core/reconciliation/WorkflowSweeper.java
RETURN_NULLABLE	returning @Nullable expression from method with @NonNull return type	com.netflix.conductor.core.storage.DummyPayloadStorage	getLocation(com.netflix.conductor.common.utils.ExternalPayloadStorage.Operation,com.netflix.conductor.common.utils.ExternalPayloadStorage.PayloadType,java.lang.String)	1130	/home/nima/Developer/nullness-benchmarks/conductor/core/src/main/java/com/netflix/conductor/core/storage/DummyPayloadStorage.java	METHOD	com.netflix.conductor.core.storage.DummyPayloadStorage	getLocation(com.netflix.conductor.common.utils.ExternalPayloadStorage.Operation,com.netflix.conductor.common.utils.ExternalPayloadStorage.PayloadType,java.lang.String)	null	null	/home/nima/Developer/nullness-benchmarks/conductor/core/src/main/java/com/netflix/conductor/core/storage/DummyPayloadStorage.java
RETURN_NULLABLE	returning @Nullable expression from method with @NonNull return type	com.netflix.conductor.core.storage.DummyPayloadStorage	download(java.lang.String)	1312	/home/nima/Developer/nullness-benchmarks/conductor/core/src/main/java/com/netflix/conductor/core/storage/DummyPayloadStorage.java	METHOD	com.netflix.conductor.core.storage.DummyPayloadStorage	download(java.lang.String)	null	null	/home/nima/Developer/nullness-benchmarks/conductor/core/src/main/java/com/netflix/conductor/core/storage/DummyPayloadStorage.java
RETURN_NULLABLE	returning @Nullable expression from method with @NonNull return type	com.netflix.conductor.core.index.NoopIndexDAO	get(java.lang.String,java.lang.String)	3345	/home/nima/Developer/nullness-benchmarks/conductor/core/src/main/java/com/netflix/conductor/core/index/NoopIndexDAO.java	METHOD	com.netflix.conductor.core.index.NoopIndexDAO	get(java.lang.String,java.lang.String)	null	null	/home/nima/Developer/nullness-benchmarks/conductor/core/src/main/java/com/netflix/conductor/core/index/NoopIndexDAO.java
RETURN_NULLABLE	returning @Nullable expression from method with @NonNull return type	com.netflix.conductor.core.index.NoopIndexDAO	asyncAddEventExecution(com.netflix.conductor.common.metadata.events.EventExecution)	4060	/home/nima/Developer/nullness-benchmarks/conductor/core/src/main/java/com/netflix/conductor/core/index/NoopIndexDAO.java	METHOD	com.netflix.conductor.core.index.NoopIndexDAO	asyncAddEventExecution(com.netflix.conductor.common.metadata.events.EventExecution)	null	null	/home/nima/Developer/nullness-benchmarks/conductor/core/src/main/java/com/netflix/conductor/core/index/NoopIndexDAO.java
METHOD_NO_INIT	initializer method does not guarantee @NonNull fields taskDefs (line 51), workflowDefs (line 52) are initialized along all control-flow paths (remember to check for exceptions or early returns).	com.netflix.conductor.metrics.WorkflowMonitor	WorkflowMonitor(com.netflix.conductor.service.MetadataService,com.netflix.conductor.dao.QueueDAO,com.netflix.conductor.core.dal.ExecutionDAOFacade,int,java.util.Set)	2183	/home/nima/Developer/nullness-benchmarks/conductor/core/src/main/java/com/netflix/conductor/metrics/WorkflowMonitor.java	null	null	null	null	null	null
PASS_NULLABLE	passing @Nullable parameter 'null' where @NonNull is required	com.netflix.conductor.service.WorkflowServiceImpl	getRunningWorkflows(java.lang.String,java.lang.Integer,java.lang.Long,java.lang.Long)	9533	/home/nima/Developer/nullness-benchmarks/conductor/core/src/main/java/com/netflix/conductor/service/WorkflowServiceImpl.java	PARAMETER	com.netflix.conductor.service.MetadataService	getWorkflowDef(java.lang.String,java.lang.Integer)	version	1	/home/nima/Developer/nullness-benchmarks/conductor/core/src/main/java/com/netflix/conductor/service/MetadataService.java
ASSIGN_FIELD_NULLABLE	assigning @Nullable expression to @NonNull field	com.netflix.conductor.service.AdminServiceImpl	AdminServiceImpl(com.netflix.conductor.core.config.ConductorProperties,com.netflix.conductor.service.ExecutionService,com.netflix.conductor.dao.QueueDAO,java.util.Optional,java.util.Optional,java.util.Optional)	2159	/home/nima/Developer/nullness-benchmarks/conductor/core/src/main/java/com/netflix/conductor/service/AdminServiceImpl.java	FIELD	com.netflix.conductor.service.AdminServiceImpl	null	workflowRepairService	null	/home/nima/Developer/nullness-benchmarks/conductor/core/src/main/java/com/netflix/conductor/service/AdminServiceImpl.java
ASSIGN_FIELD_NULLABLE	assigning @Nullable expression to @NonNull field	com.netflix.conductor.service.AdminServiceImpl	AdminServiceImpl(com.netflix.conductor.core.config.ConductorProperties,com.netflix.conductor.service.ExecutionService,com.netflix.conductor.dao.QueueDAO,java.util.Optional,java.util.Optional,java.util.Optional)	2232	/home/nima/Developer/nullness-benchmarks/conductor/core/src/main/java/com/netflix/conductor/service/AdminServiceImpl.java	FIELD	com.netflix.conductor.service.AdminServiceImpl	null	eventQueueManager	null	/home/nima/Developer/nullness-benchmarks/conductor/core/src/main/java/com/netflix/conductor/service/AdminServiceImpl.java
ASSIGN_FIELD_NULLABLE	assigning @Nullable expression to @NonNull field	com.netflix.conductor.service.AdminServiceImpl	AdminServiceImpl(com.netflix.conductor.core.config.ConductorProperties,com.netflix.conductor.service.ExecutionService,com.netflix.conductor.dao.QueueDAO,java.util.Optional,java.util.Optional,java.util.Optional)	2297	/home/nima/Developer/nullness-benchmarks/conductor/core/src/main/java/com/netflix/conductor/service/AdminServiceImpl.java	FIELD	com.netflix.conductor.service.AdminServiceImpl	null	buildProperties	null	/home/nima/Developer/nullness-benchmarks/conductor/core/src/main/java/com/netflix/conductor/service/AdminServiceImpl.java
FIELD_NO_INIT	@NonNull static field metadataDAO not initialized	com.netflix.conductor.validations.ValidationContext	metadataDAO	947	/home/nima/Developer/nullness-benchmarks/conductor/core/src/main/java/com/netflix/conductor/validations/ValidationContext.java	FIELD	com.netflix.conductor.validations.ValidationContext	null	metadataDAO	null	/home/nima/Developer/nullness-benchmarks/conductor/core/src/main/java/com/netflix/conductor/validations/ValidationContext.java
