kind	class	method	param	index	uri
METHOD	com.netflix.conductor.core.events.queue.ConductorEventQueueProvider	getQueue(java.lang.String)	null	null	/home/nima/Desktop/docker/benchmarks/conductor/core/src/main/java/com/netflix/conductor/core/events/queue/ConductorEventQueueProvider.java
METHOD	com.netflix.conductor.core.events.EventQueueProvider	getQueue(java.lang.String)	null	null	/home/nima/Desktop/docker/benchmarks/conductor/core/src/main/java/com/netflix/conductor/core/events/EventQueueProvider.java
PARAMETER	com.netflix.conductor.service.MetadataService	registerTaskDef(@javax.validation.constraints.NotNull(message="TaskDefList cannot be empty or null"),@javax.validation.constraints.Size(min=1, message="TaskDefList is empty") java.util.List<@javax.validation.Valid com.netflix.conductor.common.metadata.tasks.TaskDef>)	taskDefinitions	0	/home/nima/Desktop/docker/benchmarks/conductor/core/src/main/java/com/netflix/conductor/service/MetadataService.java
PARAMETER	com.netflix.conductor.service.MetadataService	updateTaskDef(@javax.validation.constraints.NotNull(message="TaskDef cannot be null"),@javax.validation.Valid com.netflix.conductor.common.metadata.tasks.TaskDef)	taskDefinition	0	/home/nima/Desktop/docker/benchmarks/conductor/core/src/main/java/com/netflix/conductor/service/MetadataService.java
PARAMETER	com.netflix.conductor.service.MetadataService	updateWorkflowDef(@javax.validation.constraints.NotNull(message="WorkflowDef cannot be null"),@javax.validation.Valid com.netflix.conductor.common.metadata.workflow.WorkflowDef)	def	0	/home/nima/Desktop/docker/benchmarks/conductor/core/src/main/java/com/netflix/conductor/service/MetadataService.java
PARAMETER	com.netflix.conductor.service.MetadataService	updateWorkflowDef(@javax.validation.constraints.NotNull(message="WorkflowDef list name cannot be null or empty"),@javax.validation.constraints.Size(min=1, message="WorkflowDefList is empty") java.util.List<@javax.validation.constraints.NotNull(message="WorkflowDef cannot be null"),@javax.validation.Valid com.netflix.conductor.common.metadata.workflow.WorkflowDef>)	workflowDefList	0	/home/nima/Desktop/docker/benchmarks/conductor/core/src/main/java/com/netflix/conductor/service/MetadataService.java
PARAMETER	com.netflix.conductor.service.MetadataService	registerWorkflowDef(@javax.validation.constraints.NotNull(message="WorkflowDef cannot be null"),@javax.validation.Valid com.netflix.conductor.common.metadata.workflow.WorkflowDef)	workflowDef	0	/home/nima/Desktop/docker/benchmarks/conductor/core/src/main/java/com/netflix/conductor/service/MetadataService.java
PARAMETER	com.netflix.conductor.service.MetadataService	validateWorkflowDef(@javax.validation.constraints.NotNull(message="WorkflowDef cannot be null"),@javax.validation.Valid com.netflix.conductor.common.metadata.workflow.WorkflowDef)	workflowDef	0	/home/nima/Desktop/docker/benchmarks/conductor/core/src/main/java/com/netflix/conductor/service/MetadataService.java
PARAMETER	com.netflix.conductor.service.MetadataService	unregisterWorkflowDef(@javax.validation.constraints.NotEmpty(message="Workflow name cannot be null or empty") java.lang.String,@javax.validation.constraints.NotNull(message="Version cannot be null") java.lang.Integer)	version	1	/home/nima/Desktop/docker/benchmarks/conductor/core/src/main/java/com/netflix/conductor/service/MetadataService.java
PARAMETER	com.netflix.conductor.service.MetadataService	addEventHandler(@javax.validation.constraints.NotNull(message="EventHandler cannot be null"),@javax.validation.Valid com.netflix.conductor.common.metadata.events.EventHandler)	eventHandler	0	/home/nima/Desktop/docker/benchmarks/conductor/core/src/main/java/com/netflix/conductor/service/MetadataService.java
PARAMETER	com.netflix.conductor.service.MetadataService	updateEventHandler(@javax.validation.constraints.NotNull(message="EventHandler cannot be null"),@javax.validation.Valid com.netflix.conductor.common.metadata.events.EventHandler)	eventHandler	0	/home/nima/Desktop/docker/benchmarks/conductor/core/src/main/java/com/netflix/conductor/service/MetadataService.java
METHOD	com.netflix.conductor.core.events.EventQueues	getQueue(java.lang.String)	null	null	/home/nima/Desktop/docker/benchmarks/conductor/core/src/main/java/com/netflix/conductor/core/events/EventQueues.java
PARAMETER	com.netflix.conductor.service.EventService	addEventHandler(@javax.validation.constraints.NotNull(message="EventHandler cannot be null."),@javax.validation.Valid com.netflix.conductor.common.metadata.events.EventHandler)	eventHandler	0	/home/nima/Desktop/docker/benchmarks/conductor/core/src/main/java/com/netflix/conductor/service/EventService.java
PARAMETER	com.netflix.conductor.service.EventService	updateEventHandler(@javax.validation.constraints.NotNull(message="EventHandler cannot be null."),@javax.validation.Valid com.netflix.conductor.common.metadata.events.EventHandler)	eventHandler	0	/home/nima/Desktop/docker/benchmarks/conductor/core/src/main/java/com/netflix/conductor/service/EventService.java
PARAMETER	com.netflix.conductor.service.WorkflowService	startWorkflow(@javax.validation.constraints.NotNull(message="StartWorkflowRequest cannot be null"),@javax.validation.Valid com.netflix.conductor.common.metadata.workflow.StartWorkflowRequest)	startWorkflowRequest	0	/home/nima/Desktop/docker/benchmarks/conductor/core/src/main/java/com/netflix/conductor/service/WorkflowService.java
PARAMETER	com.netflix.conductor.service.WorkflowService	rerunWorkflow(@javax.validation.constraints.NotEmpty(message="WorkflowId cannot be null or empty.") java.lang.String,@javax.validation.constraints.NotNull(message="RerunWorkflowRequest cannot be null.") com.netflix.conductor.common.metadata.workflow.RerunWorkflowRequest)	request	1	/home/nima/Desktop/docker/benchmarks/conductor/core/src/main/java/com/netflix/conductor/service/WorkflowService.java
PARAMETER	com.netflix.conductor.service.TaskService	updateTask(@javax.validation.constraints.NotNull(message="TaskResult cannot be null or empty."),@javax.validation.Valid com.netflix.conductor.common.metadata.tasks.TaskResult)	taskResult	0	/home/nima/Desktop/docker/benchmarks/conductor/core/src/main/java/com/netflix/conductor/service/TaskService.java
